step,time,n_particles,max_u,min_sigma,min_sigma_ratio,max_gamma_over_sigma2,wall_s,max_dtZ,p1_sigma_ratio,argmin_x,argmin_y,argmin_z
0,0.0,0,0.0,NaN,NaN,0.0,NaN,NaN,NaN,NaN,NaN,NaN
1,0.00030864197530864197,0,0.0,NaN,NaN,0.0,21.908879041671753,NaN,NaN,NaN,NaN,NaN
2,0.0006172839506172839,430,2.762584800520345,0.002373647782712288,1.0,5.970486248868928,14.664294004440308,0.0005001659280667478,1.0,-0.00544453170978868,-0.11901017151589782,-0.0045730848228628515
3,0.000925925925925926,866,3.1772941403754413,0.002373647782712288,1.0,6.529471700498725,14.69965410232544,0.0020251477529913656,1.0,-0.005457523555410843,-0.11903791517517892,0.0037664234121425094
4,0.0012345679012345679,1300,3.77663279634927,0.002371530614323538,0.9991080528441625,9.850475389837264,11.443777799606323,0.002966350255644276,1.0,-0.00018015004820843623,0.010607676768030193,0.018190051695556354
5,0.0015432098765432098,1740,4.45724864647856,0.0023666582308581167,0.997055354250501,12.421507122488391,11.018969058990479,0.003980237396228636,0.9999636883430035,0.0004494220742463996,0.013540212297589078,0.019899635148225462
6,0.001851851851851852,2190,5.175906462925456,0.0023612438238947726,0.9947743052242815,14.562246423493791,11.310962915420532,0.0051004707699614975,0.9992291584797481,0.0005729367104270822,0.01352790445731323,0.019917144123606987
7,0.0021604938271604936,2654,5.896431824144956,0.002356006434309864,0.9925678322913326,16.605827012066527,12.691211223602295,0.006483430013168923,0.997326306519288,0.0007061584753241164,0.013410131120363189,0.019921077214621656
8,0.0024691358024691358,3126,6.562520319989371,0.002347872145774949,0.9891409175678599,18.67042304478164,13.248891830444336,0.008140650234335437,0.9961655836503162,0.0013691140714123058,0.016945675184067893,0.016752888748730564
9,0.002777777777777778,3618,7.261955417570803,0.002331466906936105,0.9822295135430816,18.88467068078165,14.554273128509521,0.00959306828461852,0.9939589283363665,0.0014011447381282597,0.016682534836826166,0.016828770785656217
10,0.0030864197530864196,4126,7.800174680709441,0.0023194764099692127,0.9771780071425864,18.61715860961414,18.067709922790527,0.011079809707342786,0.9919811542688985,0.0013290581601916969,0.017752301155427693,0.015834339063029272
11,0.0033950617283950617,4650,8.229560257746796,0.002307675033625514,0.972206175841561,18.089377398268404,12.397166013717651,0.012139838656261805,0.9883425799617503,0.0012067527254268694,0.018785868547846737,0.014738493480511441
12,0.003703703703703704,5194,8.607485248250876,0.0022964292156638783,0.9674683971182216,18.117691030882522,13.90055799484253,0.012799432242765686,0.9850758978445063,0.001079361409242046,-0.019765138065172883,-0.01348488748165447
13,0.004012345679012346,5758,8.948785341882537,0.002287233877820597,0.963594470282803,19.68794461599054,12.342246055603027,0.016881722765872253,0.9837365580968501,0.0009963782604827344,-0.020800914263170073,-0.01190060641269364
14,0.004320987654320987,6344,9.24646911635781,0.0022822656868649676,0.9615014087124159,21.391741394723574,12.495301008224487,0.013641880372532106,0.9833616648983328,0.0009284003229446788,-0.021619938605134722,-0.010271277996862676
15,0.004629629629629629,6952,9.546373898470168,0.0022798978768374042,0.9605038681148561,23.243518582301412,14.45047903060913,0.013846864851803385,0.9812871406164663,0.000877751127475061,-0.022332488720012977,-0.008482934493306567
16,0.0049382716049382715,7582,9.850314460834737,0.0022792851913287925,0.9602457483074128,25.269642856780404,16.469069004058838,0.014061095679684197,0.9805340475884259,0.0008470473747376995,-0.022916541605888754,-0.006553409702615535
17,0.005246913580246914,8238,10.162455779404944,0.002279667325657589,0.9604067386327592,27.469098416762606,14.223516941070557,0.014386360345384925,0.9795224560622153,0.000830951620166452,-0.023339110902002635,-0.004493610989848613
18,0.005555555555555556,8924,10.655612379109668,0.0022810841500552994,0.961003636120259,28.263803600108382,16.807373046875,0.014791747128554038,0.9789514972920641,0.0008168426244011466,-0.02358274877435322,-0.0023172961696647535
19,0.005864197530864198,9632,13.653074625366822,0.002283204877827379,0.961897082817585,27.77161355275662,15.543205976486206,0.015182646540208752,0.9793330240650162,0.0007978981685856897,-0.02362341576776971,-3.9405421761411446e-5
20,0.006172839506172839,10366,15.007465155242198,0.0022859288931802112,0.9630446900458653,27.061571194305,13.228904008865356,0.015586869775805999,0.9796432590859857,0.0007699998564415977,0.023434777763957783,-0.0023217325722351746
21,0.006481481481481481,11122,11.680023562130051,0.002289164107823234,0.9644076616992782,28.39668782972572,13.916900873184204,0.016394143664729893,0.9787445751509143,0.0007340115279686779,0.022989808208940966,-0.00474028968184711
22,0.006790123456790123,11898,11.982454464626299,0.0022731321653754995,0.9576535246430147,30.57985724936643,14.498991012573242,0.016746880838250183,0.9792808338985369,-0.013491426138667944,-0.022085484340148433,-0.0030481454731326177
23,0.0070987654320987656,12692,12.260859785481754,0.002253503061314388,0.9493839303906265,32.834370633596045,14.380434036254883,0.01701818391473575,0.9802970140152568,-0.014650202105289192,0.0228338955595065,0.003090254618768146
24,0.007407407407407408,13516,12.513588382388928,0.0022382251334004196,0.9429474539996302,35.12524472067569,20.015284061431885,0.01719589367675977,0.9808772964410671,-0.015654098883595962,0.023412132261246523,0.003434130065589566
25,0.007716049382716049,14365,13.713486013365976,0.002226816953001437,0.9381412731997362,37.429161443389646,14.978679895401001,0.01722545007050259,0.9815980417990517,-0.016470070566366887,0.02378620129368433,0.0041934611731908955
26,0.008024691358024692,15247,14.993822189060687,0.0022176551554717993,0.9342814766467832,38.377826664383235,14.756294965744019,0.017043863287434364,0.9820292298904317,-0.016864501313804615,0.024224347239798164,0.0022719781227915005
27,0.008333333333333333,16147,13.595990973988414,0.0022113377439209616,0.9316199985636199,36.96963025887505,18.225962162017822,0.018324353679285428,0.9832423789184066,-0.017007483433119752,0.02458923016040385,0.0037254067289563117
28,0.008641975308641974,17066,16.325911981961564,0.0022060777361053957,0.9294039967398129,35.935485176073996,16.490599870681763,0.02309095936717228,0.9831968085359524,-0.01706151165337468,-0.025036996581494934,-0.0018921095234472438
29,0.008950617283950617,18007,16.072560494489537,0.002185422761490569,0.9207022109208467,37.15230582623029,17.773808002471924,0.020558937733212726,0.9819806029489894,-0.0167770616306899,-0.008466627243714121,-0.022588577623718513
30,0.009259259259259259,18964,16.35504620163568,0.0021641210056196794,0.911727941011876,38.97711230104321,18.21448302268982,0.023388787277585903,0.9807487492275266,-0.016777232970830717,-0.009093501200758797,-0.023839517520127584
31,0.009567901234567902,19939,24.557809402130285,0.002143021103480847,0.9028387105655954,40.784271803176644,18.02894401550293,0.02729761789441104,0.9794147121652179,-0.016718183796498125,-0.009687926391495507,-0.02514443629770572
32,0.009876543209876543,20927,25.366800732330272,0.0021239207348313833,0.8947918685747259,42.54205180403522,16.63612198829651,0.03134692144510973,0.9762814179020973,-0.016565704002146974,-0.010202268889155557,-0.02650862705828278
33,0.010185185185185186,21929,27.585140734438088,0.00211104834788877,0.8893688285447916,44.18516017493856,15.585109949111938,0.03187487361714558,0.9707956252916173,-0.016286553169574506,-0.01058296002880595,-0.02789822122751947
34,0.010493827160493827,22947,30.2608251510016,0.0021106986857110004,0.8892215184930156,45.969312880822145,18.812664031982422,0.03541108027236469,0.9661687072226423,-0.015863668176667185,-0.01077730924350931,-0.0292511866049739
35,0.010802469135802469,23972,31.363011262717592,0.002126587400389808,0.8959153147649512,47.123724522154966,17.407196044921875,0.03316102685581749,0.961517596576147,-0.014530096157300033,0.012060157036522976,0.03051625752478645
36,0.011111111111111112,25003,29.70290161315117,0.0021390967532727897,0.9011854112696177,45.98453928717465,20.19931697845459,0.03477698636564648,0.9586364285607895,-0.013761918728593257,0.011870055667468592,0.031602134583600935
37,0.011419753086419753,26038,27.656405109665553,0.0021405100182115572,0.9017808091837736,45.526264501110326,20.325127124786377,0.04082647347774716,0.9556029276619834,-0.010564480534711243,0.013476079191655145,0.032084448546734236
38,0.011728395061728396,27080,26.219834149275375,0.00214340312824064,0.9029996547303427,44.371493652709304,19.126569986343384,0.03892291537944873,0.9491793633416828,-0.009908130965173297,0.013043366826237968,0.03256943138162777
39,0.012037037037037037,28127,26.157245968211363,0.0021457669106966777,0.90399549854224,42.82117487116685,18.639707803726196,0.034574241810398455,0.9432925822758756,-0.010405726404574057,0.012152030341347677,0.032874200277872016
40,0.012345679012345678,29174,25.560247112616235,0.002107954006240986,0.8880652056272212,42.605576053344315,19.627413988113403,0.03563152139147321,0.9366408521252306,0.001547204650739458,-0.012583093297982928,-0.0011398129627629237
41,0.012654320987654321,30222,25.719117358994005,0.0020333142019985646,0.8566200161656521,42.78975476177063,22.156203031539917,0.04099267241963917,0.9314043838604978,-0.0024770070354769415,-0.01181600145853859,-0.00013627014588805833
42,0.012962962962962963,31264,28.55416378821184,0.00197493376948112,0.8320247780083148,43.71752933818878,20.064496994018555,0.03611471225652287,0.9271437544662842,-0.00786619580400966,-0.011282630954217165,0.0017982645030339016
43,0.013271604938271606,32298,28.61909591305045,0.001960125881021456,0.825786325712438,45.07400044987902,22.969017028808594,0.02971364439857021,0.9225051318834173,-0.014299525433445766,-0.009659995996456982,0.002615582119884562
44,0.013580246913580247,33337,30.951644925214723,0.0019558611130830075,0.8239896109809983,45.97837422967341,22.520678997039795,0.028043119248030938,0.918408596443902,0.010627314702218784,-0.015578162722242214,-0.0016166060270132766
45,0.013888888888888888,34374,29.32394881327212,0.0019062406277883996,0.8030848728576748,47.620025209699286,24.233684062957764,0.03332573630390073,0.9148180097923735,0.009597973498055636,-0.014694865615390644,-0.0010873697743789493
46,0.014197530864197531,35418,31.68000782713978,0.0018565991962071764,0.7821713102209724,49.414468736686814,20.016334056854248,0.032449266273659974,0.9109829065120337,0.008498149695133558,-0.01368329895891214,-0.0005263615356723895
47,0.014506172839506172,36456,34.426619818770185,0.0018076104888118916,0.7615327353860375,51.133849904062025,24.96095299720764,0.030890960846101215,0.9086410893719858,0.007318458047251996,-0.012499071570450103,-1.4854391943986832e-5
48,0.014814814814814815,37489,33.144242513414525,0.0017600294926991113,0.7414872187515471,53.217219480695235,26.1982638835907,0.029217688162426578,0.906569724586669,0.006013520621958314,-0.011121497325826363,0.0003250238996486956
49,0.015123456790123457,38513,35.93508528718462,0.001713737253303406,0.721984645651671,55.163430869777564,24.431409120559692,0.029276345039162967,0.9050370369000735,0.004500223204094704,-0.00956609379877382,0.0002952281260453239
50,0.015432098765432098,39546,37.274627656692424,0.0016742992438900943,0.7053697082121124,56.99541510872283,27.01150894165039,0.04539140055698566,0.9043186394592557,0.00263958918220912,-0.007974557381315521,-0.0004136672086034625
51,0.01574074074074074,40587,34.704571127584956,0.0017018552357376464,0.7169788408088892,58.97408226419918,25.46976399421692,0.0323344958759929,0.9011906505966678,0.0016077883589009664,-0.007375481341525016,-0.0010203834029722404
52,0.016049382716049384,41634,37.68576663577951,0.0016826264523845688,0.708877898666957,61.22575888054358,25.261117935180664,0.034424582058063,0.8959704550779454,-0.0026661880984084,-0.007427112749561934,-0.004706607688391859
53,0.016358024691358025,42673,38.188130713225355,0.0016801243712767531,0.7078237906708008,63.7516425865646,23.39770007133484,0.035102034748181396,0.8943159463309953,-0.010500990314065886,0.009336456894388001,0.003979961473747742
54,0.016666666666666666,43718,37.19978083294627,0.0016333484363849834,0.6881174402878807,66.1157775001037,24.66281795501709,0.03523654778586816,0.8926078142392324,-0.002083313626287228,0.0070087618580236734,0.003654139660502768
55,0.016975308641975308,44762,40.54822981031246,0.0015848892563338859,0.667701951349701,74.43108107494136,32.40979504585266,0.04617646958869061,0.8911041259430268,-0.00943077414425361,0.00863604019143952,0.0022075414432669764
56,0.01728395061728395,45805,36.50922431163294,0.0015576294300209893,0.6562175910703728,84.98042826173466,31.04657292366028,0.050947852110378146,0.8894858936199537,-0.015556700107680295,0.008310483830702067,0.0013145396341900672
57,0.017592592592592594,46854,36.86385730660666,0.001534743112282658,0.6465757571365361,96.26390617027661,29.560424089431763,0.04498538084320352,0.8854140739566271,-0.020847722744788508,0.008521278386359714,0.0012059950506430439
58,0.017901234567901235,47894,36.4875403877105,0.0015143025608615763,0.6379643062001529,107.88401942054072,28.021065950393677,0.042482541867040494,0.8826650069498502,-0.0136887421575142,-0.009361355060597293,0.00036493237736586435
59,0.018209876543209876,48940,38.837583487045954,0.0015046170094446486,0.6338838560645139,118.78951769195501,31.043617010116577,0.042808489600233604,0.8778025999396648,-0.016793382571932372,0.008608265782982636,-0.0005188822221216029
60,0.018518518518518517,49989,38.296459315082615,0.0014979393206191681,0.6310705958689131,127.46917914707358,29.32996392250061,0.042701196353168304,0.8731526639142014,-0.022346632332823548,0.008444605369420632,-0.00033124384195181995
61,0.018827160493827162,51027,36.912282335278476,0.00150659887013799,0.6347187991035678,128.96738249957306,30.824979066848755,0.04493163574929662,0.869654105283439,-0.020801420483439,-0.009567642074574712,0.0022719172107525214
62,0.019135802469135803,52060,36.315478193712075,0.0014991737017680867,0.6315906313846744,129.52781679571615,32.18338108062744,0.062388307314826134,0.8672699140258351,-0.02628496288864459,-0.0100325858422138,0.0015443588899999028
63,0.019444444444444445,53113,37.747223064301274,0.0014759678697138603,0.6218141884670526,132.34206574019558,33.834542989730835,0.05696564693030157,0.8644104097452403,-0.04201162751894867,0.016287701063482655,0.005419001216240629
64,0.019753086419753086,54154,34.390332720701835,0.0014489330294861658,0.6104246131372189,135.03976041660468,36.52019691467285,0.04671260667513226,0.8625574877304575,-0.043342204613444464,0.018032133560683977,0.006476071242248786
65,0.020061728395061727,55202,35.17475124190955,0.001423156199649154,0.5995650281453978,138.37678855653263,35.47496700286865,0.04325801769105172,0.8610595429849884,-0.04413378747226114,0.019824513562258266,0.00758627215945739
66,0.020370370370370372,56250,35.34389164458692,0.001398868994740097,0.5893330109582038,153.5180570791115,36.166625022888184,0.04751039687727826,0.8592012212597564,-0.0443740032870259,0.02163298252806517,0.00873783611784392
67,0.020679012345679013,57286,32.663857794154964,0.001376182762115213,0.5797754713813078,172.23123969168068,36.37015199661255,0.043035754136134925,0.8573024091468477,-0.04406825087985356,0.02336131614610744,0.009888060082067872
68,0.020987654320987655,58322,31.92221722604579,0.001354872121969872,0.5707974585941747,195.2321183976127,36.7214469909668,0.03878462230782352,0.8552739495488986,-0.04324798601921402,0.024897293656373956,0.010988331694879025
69,0.021296296296296296,59361,31.40237771838947,0.0013357086087807297,0.5627240142825487,217.330686257018,34.83035898208618,0.04445475475286393,0.8523840925938148,-0.04202105816908684,0.026127872402956567,0.011977030533388416
70,0.021604938271604937,60398,29.710678314087314,0.0013198977189899151,0.5560630050519593,237.42612717931465,30.108214139938354,0.05744615353629575,0.8496079762021402,-0.04052460577543664,0.027017180489508765,0.012807497827698106
71,0.021913580246913582,61432,27.157162073110054,0.0013084351927205985,0.5512339287446822,249.63095828582013,29.976456880569458,0.05215586424833254,0.8477429698658429,-0.03887016608450646,0.02758508399258651,0.013457066256650906
72,0.022222222222222223,62458,28.912971337263546,0.0013014168332294207,0.5482771465538729,254.02550130000384,40.25224304199219,0.05294811355335057,0.8440952066822532,-0.03712556014864989,0.027863160077571204,0.013930201149780412
73,0.022530864197530864,63466,26.964499708937428,0.0012981308513013725,0.5468927870242154,254.62154946960547,41.81205892562866,0.055710615555000516,0.8414063047630643,-0.035351594131192564,0.02788282915395181,0.014237699819573067
74,0.022839506172839506,64456,26.059502545891764,0.00129729048677573,0.5465387477553049,258.1731532638667,41.273784160614014,0.05362591328805303,0.8398992965068135,-0.03360644881870931,0.02768609908372423,0.014397963120231385
75,0.023148148148148147,65454,22.55782606191164,0.0012981748877817043,0.5469113392629479,268.1224187123776,30.698246955871582,0.05362341871322954,0.8390406441374945,-0.031917837566521085,0.027305448602856806,0.014433410267504464
76,0.02345679012345679,66409,40.11829577893532,0.001300627238162869,0.5479444960771246,282.0814156826818,39.44549894332886,0.06219282411912489,0.8369515440920913,-0.030306902750388706,0.026759587701548567,0.01436168767993288
77,0.023765432098765433,67375,25.45549269919147,0.0013043520526834452,0.5495137324851986,294.01043025102945,36.124577045440674,0.07100282297968843,0.8366438939076877,-0.028796553033731024,0.026057638295821722,0.014234131529244897
78,0.024074074074074074,68366,24.01061475260991,0.0013034169318715452,0.5491197731038993,304.9283558117111,31.34377694129944,0.07490652170160426,0.8353102825096179,-0.03266057289433626,-0.031058063731365753,-0.00630990649833811
79,0.024382716049382715,69347,22.140764242022346,0.0013012398552352264,0.5482025870528875,319.4333776509971,36.43065905570984,0.07829835780354032,0.8345479732638477,-0.052178451006728375,0.02834988676284287,-0.003556008279192507
80,0.024691358024691357,70336,23.533478532936105,0.001288020576105948,0.5426334039476446,337.5753995558141,35.493687868118286,0.07655474947185598,0.8314568739777075,-0.0513854693227307,0.029445826942618998,-0.003381673460219404
81,0.025,71330,24.285843483421207,0.0012398588960117248,0.5223432495089813,357.5111508585946,37.088754177093506,0.06715343599164657,0.828631416218063,-0.0552564413835178,0.0011146626067612636,-0.004527822394446354
82,0.025308641975308643,72318,23.093400029802805,0.0012017653306662527,0.5062947162670595,376.44205545837923,40.70087289810181,0.08437363978567276,0.826093989198096,-0.028614636530878163,0.01898939021859475,0.0013720579804491749
83,0.025617283950617284,73297,22.030542536082915,0.0011493951333996406,0.48423154512261507,395.04315940827564,46.50993895530701,0.07879477927502614,0.8220584389814127,-0.03066920308079269,0.018961587175874192,0.0028725128448438553
84,0.025925925925925925,74277,22.78917813560771,0.0011108433314379706,0.46798996023270434,419.29729762509123,27.551403045654297,0.11685306756928142,0.8185343746131225,-0.03255656842612324,0.019099031116511036,0.004155576461455335
85,0.026234567901234566,75276,20.302172128719292,0.0010814451732789002,0.45560473679172775,424.6863237736815,29.54644799232483,0.07954735526751867,0.8159002585953562,-0.03426008738483132,0.01920113561649516,0.005287724202377488
86,0.02654320987654321,76252,19.512181042531083,0.0010576486611847129,0.44557944480548545,432.4763859807979,33.246933937072754,0.07126319969913869,0.8145108937884911,-0.035847259836307974,0.019257502787605303,0.006338477284531964
87,0.026851851851851852,77232,21.189244103704166,0.0010456313407806105,0.4405166378921655,438.403044045101,33.12143301963806,0.08399542743983597,0.8124083037301568,-0.03727681395870908,0.019256582651946005,0.007205387643169218
88,0.027160493827160494,78218,20.626153166381307,0.0010496025667684175,0.44218968560241556,447.7368334209744,32.54155898094177,0.08128962016684332,0.8108796971380674,-0.03856781884280957,0.01915623745556029,0.007882980095179298
89,0.027469135802469135,79195,21.997633822244268,0.0010633216764109408,0.44796944355237006,458.70341641682876,49.377273082733154,0.07733419762498142,0.810349463987902,-0.03978470377944153,0.01896445125088954,0.008468909044450775
90,0.027777777777777776,80172,18.64080663820992,0.0010818316908643287,0.45576757375020305,469.3166117831277,39.205816984176636,0.06939585263638597,0.8101415662923894,-0.04094249774861572,0.01861113773945629,0.009005738369071013
91,0.02808641975308642,81152,19.628774637718248,0.0011056917868085669,0.4658196531353652,480.3129445242271,39.60190010070801,0.07044346622994388,0.8102937581380008,-0.04211525369994553,0.018053763530886814,0.00949658826292778
92,0.028395061728395062,82111,16.99247170511173,0.0010753889606627026,0.45305329985980125,490.20868401863856,35.81309795379639,0.05902914481704877,0.8130897154942061,-0.058168958946417576,0.015941089934873587,-0.0022663095683904165
93,0.028703703703703703,83074,18.017110703290744,0.0011511553294839179,0.48497310252514847,497.98569135717383,37.30732202529907,0.056843668867441036,0.8141697771277899,-0.039036121762152876,0.011650142593204967,0.004149701852778703
94,0.029012345679012345,84037,22.910399237463732,0.0011546146255879285,0.4864304780166621,502.68804339348185,49.701026916503906,0.05444380331690495,0.8194772760811544,-0.04279688374872472,0.011418061127501615,0.004634129910867937
95,0.029320987654320986,85011,18.78025656906728,0.0011150163632622347,0.4697480272275875,504.4707243222054,37.025821924209595,0.05125597434912743,0.8222162945372155,-0.0025687729980969107,-0.021694128447130267,0.011646800809453399
96,0.02962962962962963,85981,22.319650590694426,0.001122147271072615,0.47275222518076154,502.97766648277656,35.28612804412842,0.047399289867923716,0.8227144221812641,0.0003621693158417259,-0.022496794129476475,0.011430117286154813
97,0.029938271604938272,86959,19.16181064006922,0.0011599883058568306,0.4886943691921093,498.60908385760945,47.68772315979004,0.06111606698555953,0.8227395776719435,-0.05310650616964107,0.011426318209489885,0.007413616473032299
98,0.030246913580246913,87941,22.453405088708188,0.0011280306642339438,0.4752308545731165,491.9599329394019,52.44208002090454,0.0594587785508585,0.8246153074765434,-0.010621875478104071,0.009168044929383893,0.010292312203269803
99,0.030555555555555555,88929,24.238683141976022,0.001105824883776397,0.4658757258892083,483.3518128127469,53.949479818344116,0.06612950096234281,0.8260488328585935,-0.010370556724526627,0.008705665246854077,0.010425406469769305
100,0.030864197530864196,89894,20.62645168236377,0.001087940161306024,0.4583410265118909,473.5539458478017,55.78304195404053,0.05894812285107066,0.8278781480190217,-0.01044130753912505,0.008602844264662733,0.01048050832034427
101,0.03117283950617284,90870,22.101221828337966,0.0010741767768485517,0.452542615914618,469.2123333265854,54.589208126068115,0.07221303130115832,0.8281568783912215,-0.010769138809729193,0.008698678384601843,0.010478959007218893
102,0.03148148148148148,91844,24.619743471590127,0.001063869436977081,0.4482002109687196,476.69895834554137,50.76454186439514,0.05988364579337892,0.8286241625323689,-0.011254879961869765,0.008853992951199525,0.010428905409760256
103,0.03179012345679012,92841,18.5417380990257,0.0010548094564958937,0.4443833091742862,470.1549396544367,54.33051109313965,0.049585621570845,0.8285567778126308,-0.011844195053535057,0.008990711003153637,0.010364235950737991
104,0.03209876543209877,93831,18.810655540760123,0.001044431466110307,0.4400111396969225,475.7657943005633,40.87000298500061,0.04206976810412714,0.8293138282821821,-0.012514770760761254,0.009088522309072172,0.010337032418976407
105,0.032407407407407406,94841,20.279337203500045,0.0010317874634088197,0.4346843162340752,490.52365412053837,54.216750144958496,0.0626568606329545,0.8287336787160671,-0.013237359445903615,0.009184922883621766,0.010389279201407113
106,0.03271604938271605,95827,15.174655718607761,0.0010177569321508553,0.42877335869431243,505.58327674822505,41.50605893135071,0.07541469370204115,0.8290036235638194,-0.01400156179562389,0.00928603009287535,0.010512767490172258
107,0.03302469135802469,96822,21.326608119656914,0.0010039266505177953,0.42294676481893273,520.207483059988,47.590786933898926,0.07054528614895737,0.8285091943548328,-0.014774123030564999,0.009376974813744696,0.010693254900768999
108,0.03333333333333333,97834,20.98138359396112,0.0009917448916586758,0.4178146812183912,534.3745103741151,42.454524993896484,0.05731130812045886,0.8278713019262026,-0.015536252821923101,0.009422797787128658,0.010942094925338068
109,0.03364197530864198,98843,17.338041994076576,0.0009821411614038455,0.4137687017243921,548.5878157446342,40.27319407463074,0.053011982064902076,0.8275507499000737,-0.016284570885055912,0.009398272656831828,0.011271562019330024
110,0.033950617283950615,99850,18.5914157775706,0.0009756822173403799,0.41104759705565935,564.2586256958002,33.55108189582825,0.05399626010555974,0.8277322230967149,-0.01698163909529607,0.009296075540794665,0.01168102188634037
111,0.03425925925925926,100856,19.553195772862747,0.0009732614221872104,0.4100277342222598,582.9047533356736,58.239506006240845,0.061634249611927816,0.8269884894297457,-0.01757895230191659,0.009094694415766017,0.0121615214292585
112,0.0345679012345679,101860,18.164747481459155,0.0009744639792292875,0.41053436248060354,604.8201566594132,45.76590299606323,0.056267954320983186,0.8266671094233424,-0.01803713310667982,0.00881983517328675,0.012712498416259247
113,0.03487654320987654,102863,20.68543136592737,0.000978226361002968,0.4121194256905215,629.490281569446,47.57442808151245,0.059137333933340266,0.8274129545266398,-0.018310153664998566,0.008537096271306497,0.013306548437348806
114,0.03518518518518519,103860,20.54706782352586,0.0009828860295195906,0.41408250907237787,655.4950536343921,37.309783935546875,0.06787557293439328,0.8266181689900641,-0.018385218443979,0.008306073728463384,0.013921601173438306
115,0.035493827160493825,104862,19.899565979671898,0.0009868979415640774,0.41577269751301604,681.7174675673364,49.19006109237671,0.06970438555989829,0.8257498541887216,-0.018285190286135164,0.008171852553181062,0.014531019841992067
116,0.03580246913580247,105848,19.968582685989386,0.0009808376936580564,0.413219560543766,708.3899934779447,43.68503403663635,0.07687039765098652,0.8255412805017461,-0.03437348311305199,-0.006019121261861755,0.014111652372688537
117,0.03611111111111111,106859,20.63105212672403,0.000958736955159161,0.40390868524884693,735.1686837409349,62.141028881073,0.06838596462235898,0.825794821459095,-0.036340412748087574,-0.006642525737796101,0.014081009010083405
118,0.03641975308641975,107868,18.70774988160177,0.0009446524867173723,0.39797500437826094,760.205858666744,66.28891801834106,0.05772942763531423,0.825984694073312,-0.0383914794442422,-0.0071717170396518055,0.013870405406024994
119,0.0367283950617284,108878,18.93687944882391,0.0009397436034652208,0.39590692869832905,783.3432253756049,65.537113904953,0.0831806050444881,0.8260232140922684,-0.04053940938249334,-0.00764759398955983,0.01357259598301885
120,0.037037037037037035,109885,18.202814049921788,0.0009428072120688361,0.3971976040149991,802.8702376064299,62.99008011817932,0.058685948483840907,0.8255354320216445,-0.042731330187512365,-0.008122398246224335,0.013335018937485439
121,0.03734567901234568,110897,18.691744302521627,0.0009477222011228676,0.3992682520234477,817.9994129687182,65.83529996871948,0.06304259518668397,0.8251190706840761,-0.04485494530519725,-0.00861894481751277,0.013211835109972528
122,0.037654320987654324,111899,20.103234644022372,0.0009477679730233417,0.3992875353816642,826.7726410388575,46.10160803794861,0.060389182234011914,0.8251264510042496,-0.0468253731446124,-0.009098237438917531,0.013182174095195958
123,0.03796296296296296,112899,20.124881142242923,0.0009391331845337121,0.3956497637828119,825.4980334526507,53.21341395378113,0.062457938455112036,0.825084266406529,-0.04862360813768805,-0.009513675046577377,0.013236966506679534
124,0.03827160493827161,113912,20.696418159063636,0.0009236238785327489,0.38911580953992875,813.3461566554154,69.04699206352234,0.057461978883549314,0.8245343200612264,-0.05029282340952648,-0.00986140949912428,0.013355748177085023
125,0.038580246913580245,114927,21.022244709638493,0.0009051370047668294,0.3813274283400882,791.9884881448564,44.037050008773804,0.06707270980500214,0.8241862035676208,-0.051874495810761416,-0.010153753620047487,0.013517978697849408
126,0.03888888888888889,115950,20.09056739286724,0.000887564457830852,0.37392424617297754,762.3537346114589,48.01160788536072,0.06235951816358923,0.8237858994543567,-0.05342187635763066,-0.010474473849309357,0.013744314868202956
127,0.039197530864197534,116958,21.282923255117588,0.0008734842130440193,0.367992344696532,724.9080025423027,50.98709201812744,0.0649668256088737,0.8234498065029593,-0.05489159806629807,-0.010883362196157185,0.014037243180778359
128,0.03950617283950617,117960,20.815999280363556,0.0008651453920896146,0.36447926199945374,680.5018584457606,73.70812916755676,0.0748587177278675,0.8230470006802939,-0.0562329872098637,-0.011382901400789217,0.014453396972560765
129,0.03981481481481482,118964,15.84847597374123,0.0008655302722639336,0.3646414091289151,633.6001804926873,69.6420328617096,0.07026016533789003,0.8223551423468071,-0.05720209062618105,-0.01220100212350146,0.014970403242384356
130,0.040123456790123455,119974,20.6908052902989,0.0008659115128358835,0.36480202292120834,593.1573616791432,70.19744396209717,0.07372731708439738,0.8217856739774575,-0.05792204548478939,-0.01309704901259517,0.015491585339106157
131,0.0404320987654321,120983,19.572574390161908,0.0008659588009927568,0.3648219450668686,576.8486551497557,72.42390418052673,0.07720261286724717,0.8215719163077301,-0.058419579133779334,-0.014004150377364927,0.016011597163084562
132,0.040740740740740744,121996,21.63312536469996,0.000866429139346104,0.36502009508591216,582.4253581302969,69.13319182395935,0.06775374082921792,0.821237310161979,-0.05873427645195754,-0.014904638578520108,0.016519257503456508
133,0.04104938271604938,123009,18.44650022481186,0.0008677339971029959,0.36556982186778575,585.7835953992454,65.00229811668396,0.05751610485231818,0.8204491074665724,-0.05893352640210587,-0.01578494558012266,0.01701615215759483
134,0.04135802469135803,124015,20.16328653136138,0.0008702173726890728,0.3666160493679919,585.9513855451365,74.12340188026428,0.06906830825223878,0.8199524216639426,-0.058988544731688686,-0.016635891598290622,0.017485040746198315
135,0.041666666666666664,125017,18.460532580589113,0.0008733816878932238,0.36794915161980757,584.2682254372862,63.8798041343689,0.0753993937046695,0.8198288682077266,-0.05892436588809733,-0.017434149182104303,0.017902230682842347
136,0.04197530864197531,126032,19.397460803394825,0.0008759020944883469,0.3690109800062597,584.2894917093158,75.83372783660889,0.06982401285318529,0.8189718114956498,-0.05880062262423949,-0.01817931319257704,0.01826092274788851
137,0.042283950617283954,127051,19.285545360878096,0.000876975922415673,0.36946337565448817,588.166148893379,75.09165000915527,0.07303214552394417,0.8183014693523849,-0.05864030184223938,-0.018892403783412944,0.018562037271705717
138,0.04259259259259259,128072,20.184645756689086,0.00087497750697131,0.3686214582230487,600.4324215137165,75.43520712852478,0.07108246281491444,0.8177275233551857,-0.05845413089324211,-0.01964383957236922,0.018852189834879803
139,0.042901234567901236,129086,16.350268637991896,0.0008745912400397535,0.3684587268631689,608.485090386878,74.8880729675293,0.07812767445371002,0.8173816847685801,-0.058341977644308755,-0.02042972005465045,0.01913249778892897
140,0.043209876543209874,130102,18.65120198941685,0.0008448673777219906,0.35593628670408245,615.6689752875968,58.72660207748413,0.12427643838061417,0.8173538302377769,0.08401729780025266,-0.020486022286559682,0.012973642166612514
141,0.04351851851851852,131124,20.40407619692387,0.0008179863686263453,0.3446115192758968,623.8073850216151,48.91121292114258,0.06116334171883956,0.816998195415253,0.08547203476280026,-0.02046962602267313,0.014896761626406421
142,0.043827160493827164,132141,19.930592880492014,0.000831357770066506,0.3502447903692523,632.6299523890665,50.238157987594604,0.10719166117936389,0.816709367068139,0.08748027084627155,-0.020329581437591684,0.01642666883515616
143,0.0441358024691358,133158,18.42502539698176,0.0008259637309366931,0.3479723221584678,642.259265872515,51.37497305870056,0.07329088985246114,0.8164880688828947,0.08984704352067968,-0.020153286151784848,0.01746577947738325
144,0.044444444444444446,134183,19.23248847479433,0.0008095682988459645,0.3410650496430847,652.5619243915596,64.45278787612915,0.062334287061165845,0.8161217365858232,0.09223621666670809,-0.020079662228343665,0.01822401109143396
145,0.044753086419753084,135203,17.47786992853721,0.0007818236959705415,0.3293764566355239,663.0623918508395,65.76532196998596,0.04964321080749047,0.8158567771814732,0.09470530481379347,-0.020053992167450185,0.018746027518318723
146,0.04506172839506173,136225,20.399343697130487,0.0007568003636127471,0.3188343144777683,673.2884509859101,42.63976812362671,0.0509553803250213,0.8153935278550497,0.09721339511239355,-0.019979380425031026,0.019098562567159503
147,0.04537037037037037,137230,20.628837097086443,0.0007364736721094436,0.31027083187038795,730.5703037533511,66.7265739440918,0.05146753798556356,0.8150800513648132,0.09965393435559562,-0.019895908500647354,0.019287555885676568
148,0.04567901234567901,138238,21.1171597040695,0.0007236639786140705,0.30487420411935073,796.7082278815238,61.84472894668579,0.05848642270419788,0.8143634163708883,0.10196263998920012,-0.019854762762024684,0.01936733257130165
149,0.045987654320987656,139252,23.916265228024553,0.0007191473663389838,0.30297138925861955,830.8735051802195,61.467817068099976,0.06133613857935806,0.8134976017894257,0.1041434755186574,-0.01985716633785798,0.01939139090614074
150,0.046296296296296294,140267,22.412693718635953,0.0007216885607755692,0.3040419754066965,833.3189930936743,63.437777042388916,0.0531055166556645,0.8130027609327858,0.10621348696609853,-0.01989280880219481,0.019384770764440305
151,0.04660493827160494,141279,22.091610408451757,0.0007301077560166389,0.3075889191876518,809.0132446870688,62.542667865753174,0.050930002493385314,0.8124700541535287,0.10818672622035037,-0.01995133059893969,0.019354186687916
152,0.04691358024691358,142305,25.84112478020263,0.000743863753266027,0.31338421760958934,763.1422889754183,62.41702604293823,0.060348067510429516,0.8124038030258705,0.11006748958215275,-0.02001453945734138,0.019298148429295166
153,0.04722222222222222,143326,23.917647615034262,0.0007628938660229417,0.3214014613200988,700.6391307327231,70.11285305023193,0.06202278664345834,0.8121161351473668,0.1118456069497971,-0.02006870988239617,0.019214327016283506
154,0.047530864197530866,144342,20.036458783654975,0.0007871893829302062,0.3316369802897678,626.7155881437654,84.23547697067261,0.0534495975200596,0.8126979148677405,-0.03197097979325551,-0.003959086496951857,0.03305511165155617
155,0.047839506172839504,145360,18.374646232364764,0.0007821800813915489,0.3295265991392277,598.8989885424775,84.12014508247375,0.04836049868789322,0.8120651389704067,-0.030311919584129942,-0.004120655368720375,0.03268257264892968
156,0.04814814814814815,146384,18.288066497426204,0.000780292468825647,0.3287313621290657,592.7836355291639,79.95396590232849,0.052428468390843024,0.8115243708300948,-0.02864317562573092,-0.004342013950985671,0.03225521675123626
157,0.04845679012345679,147408,21.390199038238656,0.0007720248389236815,0.32524827168819226,586.1039612346586,53.44441604614258,0.051966974026552405,0.8120270678863813,-0.042947335588862184,-0.021995933760472642,0.017433504107587962
158,0.04876543209876543,148441,22.471100209477868,0.0007721060743941826,0.3252824955823575,578.3530916498835,57.317644119262695,0.049734082098911565,0.8125912476690982,-0.04340173173237388,-0.022033881820032863,0.01762560489315061
159,0.049074074074074076,149474,21.810514912777073,0.0007779339579888585,0.32773773921080207,572.1861338722267,67.12045383453369,0.04945642096605815,0.8117434418098957,-0.043825466437985475,-0.022306021915876398,0.01768088336737276
160,0.04938271604938271,150506,21.29113567272804,0.00078301193223584,0.32987705165806797,569.1683652080558,92.50950694084167,0.06601806863757367,0.8112317265223018,-0.044116877023631124,-0.02266487647841577,0.01763887772211223
161,0.04969135802469136,151530,20.72325347517586,0.0007840336584379768,0.33030749724042363,570.9475285669256,71.22995114326477,0.05180693952365154,0.8109680698651927,-0.04430770321626083,-0.023026765601682632,0.01755008884803665
162,0.05,152553,21.340815126607513,0.0007805029895797363,0.3288200529431041,578.9593282109442,60.72461485862732,0.05236267867994557,0.8106165907580918,-0.04443632632463285,-0.023375267769468532,0.01745029850939732
163,0.05030864197530864,153582,21.87831902705605,0.0007728750076163518,0.3256064413791052,592.3788271131812,93.76133918762207,0.05784635578115268,0.8098572503724956,-0.04448473154626137,-0.023698410100403168,0.017348941325026564
164,0.050617283950617285,154614,19.261907137720996,0.0007626228792697261,0.32128729663433986,608.8923485277129,89.04314303398132,0.05868426793193426,0.8095614060690174,-0.04449809661808432,-0.02403172803383945,0.017242135451338847
165,0.05092592592592592,155644,20.115881035123557,0.000750515881171623,0.3161867091814412,626.1405234488907,85.75641894340515,0.088580678139562,0.808631134796921,-0.04448971979539464,-0.02442522937004802,0.01712378131811875
166,0.05123456790123457,156676,17.50918938930783,0.000737726817764542,0.31079877273180195,640.4207562563863,87.80134201049805,0.06075663391288,0.8076626454576283,-0.04441549581943429,-0.02486380181435013,0.01698869987429134
167,0.05154320987654321,157706,25.183602411222257,0.0007277989800363991,0.3066162491912627,648.1727778452743,81.09248304367065,0.08113435949101472,0.8064868790862574,-0.04429739023153177,-0.02522745313757616,0.01679364477136671
168,0.05185185185185185,158730,24.748108870466826,0.0007237802558320109,0.3049231908387736,647.1464383371359,79.65507388114929,0.09097861365355805,0.8058626124878541,-0.04426629568637374,-0.025441296001633362,0.016471578879306094
169,0.052160493827160495,159752,24.405643028377913,0.000725993699510104,0.3058556980516019,636.760269825338,92.04656505584717,0.09180435495076848,0.8057351462629583,-0.04451417525261505,-0.025589236326616666,0.01596318303489967
170,0.05246913580246913,160771,24.52820747479072,0.0007325562463528606,0.3086204497938582,616.7127905701858,92.04474306106567,0.09714212203944272,0.8050435951529387,-0.04517199465291888,-0.02591656154136551,0.015344984701350092
171,0.05277777777777778,161793,28.485904079759848,0.0007419645742495695,0.312584107740598,587.3494994040187,92.42983078956604,0.08916217770477641,0.804789095554747,-0.04611375437752135,-0.026609377057070477,0.014762259550657674
172,0.05308641975308642,162817,23.399173731589556,0.0007442598607097058,0.3135510947033872,551.2182797723278,97.39944100379944,0.058612692240171196,0.8045409235416066,-0.031936890192214386,0.035720001061151904,-0.003649256363904044
173,0.05339506172839506,163841,22.969187956403726,0.0007299680411723186,0.30753005837210123,512.6583005570801,95.71566104888916,0.06131885254423084,0.8042148663775689,-0.03198510980982396,0.03563956836091791,-0.0029171129237605935
174,0.053703703703703705,164875,21.410536027373173,0.0007258254832148567,0.3057848297886387,474.2615655105891,95.97890496253967,0.06903947235248893,0.8034318636348405,-0.03189382638626658,0.035380928324160385,-0.002288082493559131
175,0.05401234567901234,165907,24.35759956546915,0.0007331006428408777,0.3088497999493371,437.2161762612285,99.58462715148926,0.06961679975438027,0.8028069641151522,-0.031677267884988154,0.03508302775191152,-0.0018203254444817873
176,0.05432098765432099,166942,25.44347754595099,0.0007127125311894497,0.30026044149442294,442.22465615646377,72.48099088668823,0.08609282126464883,0.8019470505611599,-0.054412226142534804,-0.0025264808567228092,0.007519125754830828
177,0.05462962962962963,167978,24.42567945694417,0.0006879239706640619,0.2898172069480309,461.87808153075395,94.166090965271,0.1627096105400817,0.8019600492457015,-0.05621222755029385,-0.0038449780527444292,0.007465006103618862
178,0.05493827160493827,169013,21.25518022313983,0.0006715513441041985,0.2829195422316782,467.45550428945774,101.61529397964478,0.10543585855459163,0.801120792051028,-0.057856750079977495,-0.005189556656679584,0.007475976571792524
179,0.055246913580246915,170044,21.751883096263622,0.0006613335574100153,0.27861486536740154,446.44033471186606,98.29229617118835,0.10899827031915835,0.8003580809569198,-0.05930975928557005,-0.0064177598137965435,0.007576194992643821
180,0.05555555555555555,171075,26.295643690907326,0.0007187050695619466,0.30278505294526314,478.07639188385076,94.75376391410828,0.08983006150729793,0.7995023549406868,-0.03250913396703672,-0.016240029671877657,0.023519258987019318
181,0.0558641975308642,172106,22.151132232966688,0.0007001383981224056,0.29496305358429414,469.2631814698329,102.26915097236633,0.0846646748456532,0.7984492841565569,-0.03202340635036476,-0.01717377276575617,0.022694108254482964
182,0.05617283950617284,173140,24.053619695927807,0.0006839430147516678,0.2881400600935615,495.99235191123626,99.8855950832367,0.10830609929024232,0.7981426077910502,-0.031477473054264064,-0.018081796607484303,0.021840637077625475
183,0.05648148148148148,174175,26.354176304668524,0.000670395560953456,0.282432619462782,538.3461998403903,79.08934807777405,0.0897916932861022,0.7974516639744826,-0.0309125155803307,-0.018925868133064738,0.0209580900622016
184,0.056790123456790124,175209,25.263955275895032,0.0006598579124477709,0.2779931872174284,574.0200909573759,87.85766887664795,0.06974201117750409,0.7969100259693647,-0.030365081151647468,-0.01969601351934104,0.0200618329467709
185,0.05709876543209876,176244,25.290500680569654,0.0006527218502120559,0.2749868177435375,613.7237015626426,73.63901591300964,0.08477459304635518,0.7957704614621853,-0.02986592903578813,-0.020390382014905912,0.019169444345435133
186,0.05740740740740741,177273,25.16389297877562,0.0006492126455567574,0.27350841615385907,656.8689567830047,69.53663301467896,0.11828719537970793,0.7945299177574006,-0.029425738223637515,-0.021007227038531848,0.018310286177161513
187,0.05771604938271605,178306,25.990906100032696,0.0006492497271403379,0.2735240383467769,724.1408898921575,90.2095000743866,0.1565231479118259,0.7939397619994782,-0.029055109934453937,-0.021560634520854268,0.01750112308906689
188,0.05802469135802469,179335,23.380373418358346,0.0006524752300076313,0.27488291850194796,787.427249603106,73.72955012321472,0.12308794095178721,0.793127420329121,-0.02874368002801947,-0.022060944398010745,0.016746521486818575
189,0.058333333333333334,180370,30.910828490214325,0.0006581958254269573,0.277292962427163,800.9243908395911,75.11797189712524,0.0825555816883529,0.7929979783661641,-0.028488374013733202,-0.022518699407049505,0.01605777933249692
190,0.05864197530864197,181402,36.51367779304535,0.0006655919505010791,0.2804088944234723,798.6357409727667,97.98771500587463,0.07982390128518127,0.7924871977907879,-0.028276209791090193,-0.022941100631162517,0.015415840400875099
191,0.05895061728395062,182445,40.459360050187065,0.0006722438835161796,0.28321130388942073,808.479651150729,74.30820608139038,0.06547156533467864,0.7919652263251995,-0.04648806081977887,0.004083306971743773,0.004074171929183784
192,0.05925925925925926,183475,32.71650042542177,0.000646385352481703,0.27231729879615924,815.4231142314668,71.39791584014893,0.07520232614923572,0.7909055504183611,-0.04777769364989348,0.004356394429656538,0.0056785265300053804
193,0.0595679012345679,184504,36.07553011198017,0.0006188409200765291,0.2607130361057192,832.2151300875173,108.34075808525085,0.08017825146121872,0.7891532922202714,-0.04899755030932902,0.004505077637479813,0.007527997499757774
194,0.059876543209876544,185532,41.83778755066011,0.000592982098802956,0.24981890873690413,846.8569910683718,78.267982006073,0.10449776452898994,0.788575292675965,-0.050183518626704865,0.004505790649739094,0.009602912597562753
195,0.06018518518518518,186557,33.89465734142033,0.0005696515712933426,0.23998993255959009,935.3748431822557,63.04800891876221,0.08099827340262661,0.787562553491724,-0.051465554996960136,0.004305367281955308,0.011738438221435806
196,0.06049382716049383,187595,29.690405469502466,0.0005497845126896713,0.23162008984393248,1036.2567414844182,73.21090602874756,0.08151515425115806,0.7865534352862876,-0.05281477610442297,0.0037937317851811318,0.013777409783895979
197,0.06080246913580247,188621,32.494026354577365,0.0005355230819679956,0.2256118560926808,1133.7609086072919,67.81952404975891,0.08442198602638605,0.7852889164705327,-0.05412455101662064,0.002910241242406602,0.01567351723131452
198,0.06111111111111111,189645,25.351207532599283,0.0005274370171312995,0.22220525765141735,1225.7091999579875,70.17988896369934,0.11579341942380562,0.7837478330928745,-0.055362749516952386,0.001611086898411289,0.017330086299299594
199,0.061419753086419754,190665,35.78840675249878,0.0005249742992851004,0.2211677331020147,1301.3156284815593,86.59760999679565,0.11392968758557646,0.7815879257943579,-0.05649171472410382,-3.7039266659995296e-5,0.01865410333870615
200,0.06172839506172839,191696,29.120976046719857,0.0005297756026959625,0.22319048620204535,1356.7326580375154,70.03172707557678,0.118895711657076,0.7807214470117058,-0.05746694457276234,-0.0015518881159999277,0.01966300293268072
201,0.062037037037037036,192727,27.25830246006253,0.0005353599320502452,0.22554312225654102,1391.0776049028368,68.98081398010254,0.10641596137181374,0.7792139452151218,-0.05821898423295116,-0.0029976654816051326,0.020444880465883896
202,0.06234567901234568,193746,29.295207580072223,0.0005386746974255266,0.22693960803653898,1411.1954901831098,75.93565702438354,0.1340609033965089,0.776752791167305,-0.05860249081040994,-0.004281655910600439,0.02100843658732122
203,0.06265432098765432,194768,30.36817927894954,0.0005401916976081204,0.22757870883053313,1427.864350548658,76.46994996070862,0.14096139842822028,0.7747753986281141,-0.058764344672684404,-0.005487021245220669,0.021480261380878534
204,0.06296296296296296,195788,24.435990993247376,0.0005397678266071006,0.22740013515835358,1461.0282232952504,87.74921107292175,0.12801696847183816,0.7740013520588419,-0.058792328884765925,-0.006632986841776727,0.021841570587458396
205,0.06327160493827161,196804,25.087139590505647,0.0005392003665285913,0.22716106848525985,1519.5798849438056,103.3319878578186,0.1251072707810179,0.7719019041849855,-0.058626606001495746,-0.007707386326687984,0.022116536210207663
206,0.06358024691358025,197832,28.768165852922206,0.0005394125033148689,0.2272504401215332,1593.587027502885,99.84736108779907,0.11183425810258193,0.7692255838099136,-0.05828964301203628,-0.008687857814486572,0.02230609540101966
207,0.06388888888888888,198845,24.518979151950667,0.0005409974462242453,0.2279181646765071,1652.2297031596647,102.89800095558167,0.09969663887126842,0.7665583238056215,-0.05777320453216104,-0.009555964708071414,0.022420077257115933
208,0.06419753086419754,199863,24.357485718309917,0.0005440145473494789,0.22918924674150754,1733.0065219116277,104.7939989566803,0.1317861912539602,0.764748295266676,-0.05712869350627935,-0.010295950861686809,0.02247687055756072
209,0.06450617283950617,200879,22.486217908551694,0.0005483507865876792,0.23101607179524208,1867.1142242543126,110.70942115783691,0.14710008464699245,0.7623765437696018,-0.05637725699018332,-0.010911921954193592,0.02247999333826432
210,0.06481481481481481,201905,20.36155194309716,0.0005537877582212394,0.2333066271477079,2035.518825503542,110.10996580123901,0.14817268662630692,0.7600524936931663,-0.0555363770184142,-0.011411400549905524,0.02242860176873185
211,0.06512345679012346,202924,28.2449266564157,0.0005601091264257298,0.23596977213936593,2168.1263062060384,110.945965051651,0.11457374110216025,0.7585019851873356,-0.05462860589147191,-0.011807803014824593,0.022326102068096813
212,0.0654320987654321,203954,27.21644291801566,0.0005625302007850691,0.23698975260022975,2225.61589236788,112.8137149810791,0.1103097114607062,0.755675749905016,-0.013972936620163051,0.041268582476977095,0.00015869664733147255
213,0.06574074074074074,204979,38.73287170420989,0.0005340528072227753,0.22499244037484406,2229.286159831114,108.86098909378052,0.1011985715663841,0.7530571081704501,-0.011271557026560998,0.04121530546351861,0.000769747788155541
214,0.06604938271604938,205994,39.38527585147087,0.0005294965558260131,0.22307292584958627,2199.490030238085,113.0209469795227,0.1226358558389593,0.7504974190183026,-0.008669563867362697,0.04094010217124921,0.001394826252307311
215,0.06635802469135803,207006,39.62466952108155,0.000530107077956693,0.22333013424213988,2136.344975583381,82.68452286720276,0.1577881403206431,0.7493452934269536,-0.006264236549872158,0.04058264350606411,0.002117243236355328
216,0.06666666666666667,208030,38.210231895130484,0.0005300994258662405,0.2233269104738503,2057.1960824613184,112.73321604728699,0.10476915667810656,0.7472090273982899,-0.003979094414702018,0.040127640377784206,0.0029577498704057795
217,0.0669753086419753,209061,26.840565896031297,0.0005301179060339228,0.22333469602982745,1999.9507474250677,114.10026717185974,0.1031904360806371,0.7449313018398853,-0.0017713351790701018,0.03951670416414202,0.0039138400642262155
218,0.06728395061728396,210092,25.86822918815258,0.0005293813103450809,0.22302437379322324,1973.5030601334797,113.35498380661011,0.1282704311252681,0.7425815042937738,0.0003566096168470456,0.038732304296133335,0.004968593567720295
219,0.06759259259259259,211136,24.226421859220203,0.000523848158302087,0.22069329835596044,1963.1595484686102,99.00434112548828,0.1387153707368496,0.7403556265659987,0.0023917247045963674,0.0377675236071133,0.006123344602456285
220,0.06790123456790123,212173,21.79345097148557,0.0005131869460524395,0.21620180963244592,1117.925709336737,97.80036902427673,0.18219813152500822,0.7378832661543303,0.004341862172592675,0.03662719024236327,0.007363000472639226
221,0.06820987654320988,213205,25.292401839485255,0.0005034600313777208,0.21210393346667206,1148.5000122939484,98.61521697044373,0.12284430747607236,0.7359204825536511,0.006244368326428855,0.03530818271295009,0.008631550988551286
222,0.06851851851851852,214239,21.917311054182278,0.0004996467414724726,0.21049742304291788,1172.3366217366483,94.00142407417297,0.1675769598322497,0.7344112173681308,0.008101256613322333,0.033856563684906596,0.009855578946475528
223,0.06882716049382716,215275,21.049883747202703,0.000503093812236303,0.21194964809034744,1180.4102011095797,96.87562584877014,0.19050596728475444,0.7321210087673623,0.00993426933614921,0.03236622264543614,0.010913727499059942
224,0.0691358024691358,216302,24.026548370013213,0.0005118599416059909,0.21564275261644153,1333.805400797779,96.012943983078,0.1131275795879408,0.7294423083785418,0.011849023865996908,0.030905262755174016,0.011677254904241405
225,0.06944444444444445,217334,24.947035904149644,0.0005228217342509351,0.22026087360506544,1443.0767626261809,98.79493713378906,0.15634898166488845,0.725847480723635,0.013966462534412204,0.02946321755529927,0.012101382309567903
226,0.06975308641975309,218364,20.136071931542617,0.0005328116448465217,0.22446954797888993,1449.4184606502683,98.26931595802307,0.08677022832737966,0.7223599476750375,0.016258941926127195,0.027976846376641405,0.012218181149808154
227,0.07006172839506172,219397,22.229773496179615,0.0005408187642972673,0.22784288732142546,1555.1019457863615,127.18209886550903,0.1318107286312876,0.7186396607697545,0.018624570703457546,0.02643216164355036,0.012076762076976182
228,0.07037037037037037,220433,22.138227126940823,0.0005473091584425035,0.23057724167362,1698.8438305994916,97.76378512382507,0.08771972565901735,0.7164491521759078,0.020996267069224635,0.024832850037953262,0.011744070054283925
229,0.07067901234567901,221474,23.949842027531812,0.0005296602413347526,0.22314188532619084,1817.8983847284267,99.19443607330322,0.11069461735033634,0.7120515533763839,0.014747158443108485,0.035275704913052715,0.017535685502478658
230,0.07098765432098765,222525,25.65156551726644,0.0005004892375537843,0.21085236032023752,1865.159667835577,113.47789287567139,0.14322014457577786,0.7085897382373303,0.016760740007263075,0.034857872133222105,0.01625919709908141
231,0.0712962962962963,223571,26.296920834993955,0.00048352104880231223,0.20370378972140882,1825.3030411241464,110.54015111923218,0.19964614677187856,0.7052192535428345,0.01882331148436424,0.03409524468454341,0.01490906979295685
232,0.07160493827160494,224603,26.334641328060396,0.0004799005521370386,0.2021785016430164,1716.218515459235,113.15644001960754,0.1360679138429735,0.7017260583669268,0.02099671037236105,0.03307352734474367,0.013564603556832746
233,0.07191358024691358,225641,31.940934902985223,0.00048356307019230136,0.20372149301770034,1776.893647970909,61.556267976760864,0.2353242783573902,0.6987478802649842,0.02332207891516973,0.031858986566554025,0.012267788900178683
234,0.07222222222222222,226682,47.747887418607604,0.00048646313572296316,0.20494326886489367,1857.294973484783,96.51906299591064,0.10929367655833166,0.6950390696595939,0.02581409706546179,0.03050179936210067,0.01103158744745384
235,0.07253086419753087,227715,42.07141761632004,0.0004833694025967339,0.20363990231288812,2030.4993004680491,115.89170980453491,0.10522725309156174,0.6911621425449216,0.028465568760392072,0.02904847442671085,0.009884535532356058
236,0.0728395061728395,228752,29.433355795397492,0.0004732089756265914,0.19935939066994654,2178.2812190719433,131.7005980014801,0.17819846763755687,0.688867318118262,0.03128439395956659,0.0274953828098223,0.008860891283190966
237,0.07314814814814814,229781,36.01775619143284,0.0004578770176575503,0.19290015182216694,2343.022154125702,97.44745922088623,0.17295537457622198,0.6864034953663648,0.0342764761386538,0.02581136359501005,0.007969539912000084
238,0.0734567901234568,230815,38.82629453956737,0.0004457898360179943,0.18780791289455975,2603.209844713321,87.05422496795654,0.21900970566261668,0.6834392000363593,0.037451508485166554,0.023969885750465405,0.007194503580172687
239,0.07376543209876543,231843,34.14746014797096,0.00044799972147292766,0.18873892105467024,3083.47379269933,83.12797093391418,0.12845171678744668,0.6793193699321567,0.04075056516139849,0.022118700027905037,0.006554907141532895
240,0.07407407407407407,232869,28.255395574087427,0.0003069754270402476,0.12932644399729643,5371.055904007049,81.89299702644348,0.15175095831652433,0.674922519043982,-0.01367565488746431,0.031821659615954075,0.021052759583882738
241,0.07438271604938272,233889,31.367125538851848,0.0003312183273006963,0.1395397959684752,4311.584948763559,88.23652791976929,0.472566406455119,0.6718684645770205,-0.013712237171960615,0.029749814504621414,0.020380000546642074
242,0.07469135802469136,234914,102.98298247849091,0.00015327313072742443,0.06457281987822318,114452.31248025385,92.81048703193665,0.15788130620662652,0.6686661521068199,-0.01495730891045334,0.02801601422094369,0.015596109484107208
243,0.075,235922,19554.34476900859,3.2558202575951974e-5,0.01371652644216186,4.604705402365786e9,93.15349102020264,221.77295802370023,0.6656151293790874,0.005415007025216186,0.01105565820597192,0.03319515059656581
