step,time,particle10_CL,particle10_cl_eta0.15,particle10_cl_eta0.3,particle10_cl_eta0.45,particle10_cl_eta0.6,particle10_cl_eta0.75,particle10_cl_eta0.9
0,0.0,0.07299375795555772,0.07943195233057351,0.07899991034254046,0.07722149595835177,0.07400451541024805,0.0671929490282344,0.05218468717309732
1,0.0015142337976983646,0.1685975185639903,0.1905409887261732,0.18872040339222926,0.18202810070664255,0.17089120935238078,0.15013437306609637,0.11050748538513652
2,0.0030284675953967293,0.1862374511046469,0.21305089862368898,0.21085732925761586,0.20150747174926514,0.1873391627869756,0.1623816936574332,0.11775142394866514
3,0.0045427013930950935,0.2037000710181399,0.23429855329451726,0.23189934718962577,0.22050962214727854,0.20411584010998096,0.17590226191697375,0.12662112669608333
4,0.0060569351907934586,0.2176588756097926,0.25144369993330096,0.24888505536213248,0.2356968195098869,0.2174234365357827,0.18652867672335033,0.13354354780219094
5,0.007571168988491823,0.22900904283674545,0.26542541167980754,0.262743991090459,0.24801586548664842,0.22818946231697884,0.19512053834480195,0.139168964687565
6,0.009085402786190187,0.2385098301338347,0.2771102258684506,0.27433247923498244,0.25830293318354736,0.23719216882442243,0.20233639384469332,0.14393585905772827
7,0.010599636583888553,0.24667373962918737,0.287110023654211,0.28425411944435397,0.2671278562155248,0.2449433096610655,0.2085882411783962,0.14810486916566074
8,0.012113870381586917,0.25384983706115566,0.2958551392154168,0.29293304525321096,0.274878347523947,0.25178155926055923,0.2141402375417905,0.15183905031837955
9,0.013628104179285281,0.26028086735605205,0.303651478554431,0.30067085455134185,0.2818224866194596,0.2579364907278702,0.21916803718827443,0.15524559996779946
10,0.015142337976983646,0.2661384914893877,0.3107184928384305,0.30768419433764654,0.28814849800493486,0.2635671500185313,0.22379197622437183,0.15839759418187288
11,0.01665657177468201,0.27152628904183823,0.3171949083067148,0.3141102315124304,0.2939708960622514,0.26876678045623237,0.22807802867863713,0.1613284459166328
12,0.018170805572380374,0.2764742591558483,0.3231274991201216,0.3199957099936235,0.2993206409469629,0.2735544971203748,0.23203315521932094,0.1640385161043631
13,0.01968503937007874,0.28112648592138667,0.32868788020215134,0.3255106861374635,0.3043522183879636,0.27806953741329743,0.23577544790718835,0.16661331930557477
14,0.021199273167777106,0.2855505708577304,0.3339603263847321,0.330738956220158,0.30913815282567003,0.2823746130851631,0.2393548227999096,0.16908585841257084
15,0.02271350696547547,0.2897646837898867,0.3389726716291277,0.335708221869905,0.3136985256749769,0.2864837478181096,0.2427781703837767,0.17145608734829595
16,0.024227740763173834,0.29379340079246,0.34375767204878305,0.34045112540240796,0.3180597911498397,0.2904183919834782,0.24606081791723797,0.17373239112361338
17,0.0257419745608722,0.2988620453371685,0.3496700646315416,0.3463089195671472,0.3235253946502853,0.29541982232601244,0.25033148145495654,0.17680995003263056
18,0.027256208358570563,0.3023025941464924,0.35379966065487667,0.35039935742693634,0.3272694972989736,0.29877230586494075,0.2530852681628406,0.17865961135449687
19,0.02877044215626893,0.30605693875937207,0.3582521463178008,0.3548095903726538,0.33133942018643503,0.3024495484770885,0.2561560078222522,0.180788749425025
20,0.03028467595396729,0.30963507496778164,0.3624973724371985,0.3590144102723739,0.33521900891441053,0.3059537695242277,0.25908079738463785,0.18281494191263511
21,0.03179890975166566,0.3130478522105578,0.3665476431769704,0.3630260042189989,0.3389197609551337,0.30929573174639746,0.26186925079797363,0.18474587035253165
22,0.03331314354936402,0.3162980926960474,0.3704062941712346,0.3668477123829785,0.34244462193296954,0.31247809315293656,0.264523616718146,0.18658312954878886
23,0.034827377347062385,0.3193886178170588,0.3740766797763306,0.3704828876985303,0.3457965956508961,0.3155035537395665,0.2670461201145333,0.18832817633946597
24,0.03634161114476075,0.3223218802485455,0.37756177586717254,0.37393449827210684,0.34897832673794155,0.3183744495431961,0.2694386230575085,0.1899821665045664
25,0.03785584494245912,0.3250996253188027,0.380863768724816,0.3772047230870643,0.35199170958239157,0.3210924047653012,0.2717023578405979,0.19154580410259964
26,0.03937007874015748,0.3277227484248748,0.383983872795886,0.38029477471542994,0.3548377217341221,0.32365819096549464,0.2738378240543585,0.19301927864194848
27,0.04088431253785584,0.33019150215557336,0.38692254269544546,0.38320511099219173,0.3575166395140863,0.3260719447514331,0.2758449987712521,0.1944024364594016
28,0.04239854633555421,0.332505694931074,0.38967969685805615,0.38593565818922915,0.3600282580649614,0.32833337943769225,0.2777235239637983,0.19569490789786081
29,0.043912780133252574,0.334662447041759,0.39225217391333445,0.3884833077260301,0.36236946483340554,0.33043949353732427,0.2794706452952349,0.1968945092873844
30,0.04542701393095094,0.33666343195889153,0.39464186203995466,0.39084991914604317,0.36454201894048666,0.3323919400961567,0.2810878786229322,0.19800250036159917
31,0.046941247728649306,0.3385074979180766,0.39684746963215656,0.3930342217264494,0.3665446621942018,0.3341895255596862,0.2825741611459709,0.19901807240868877
32,0.04845548152634767,0.34019347384787346,0.39886767117936195,0.39503490851369283,0.3683761176288298,0.3358310493316268,0.2839284374918426,0.19994043865744815
33,0.04996971532404603,0.3417211684554605,0.40070220018831487,0.3968517128373009,0.37003615697870684,0.3373163293548461,0.2851506007948411,0.20076958565017594
34,0.0514839491217444,0.34309111032157963,0.4023515998776811,0.3984851866503858,0.37152530399083894,0.33864588242803373,0.2862411561848246,0.2015059561962471
35,0.05299818291944276,0.3442965035108601,0.40380833536451466,0.3999278704256652,0.37283632030860625,0.33981282894998904,0.2871938660963387,0.2021446160678242
36,0.054512416717141125,0.3453389854342554,0.4050740556731669,0.40118140439092187,0.3739708767464193,0.3408188564858033,0.28801041860495824,0.20268709810939733
37,0.05602665051483949,0.34621730526557937,0.40614727390298705,0.40224432040229763,0.3749276077451582,0.3416627314784737,0.2886897867966642,0.20313268873547305
38,0.05754088431253786,0.34693050717722973,0.4070268314996064,0.403115474023506,0.375705465826936,0.34234352184949013,0.2892312130121235,0.2034808820775896
39,0.05905511811023622,0.3474778410992915,0.40771180490661285,0.4037939545808051,0.37630362484893753,0.3428605009979527,0.2896341175524874,0.2037313021943764
40,0.06056935190793458,0.34785875540892136,0.40820149887769364,0.404279074713529,0.3767214771699474,0.34321314568621825,0.28989809661823474,0.2038837012710914
41,0.06208358570563295,0.348072907986874,0.40849546127517,0.40457038762533076,0.37695864268227736,0.343401142025843,0.2900229253779466,0.20393795967734551
42,0.06359781950333132,0.3481201585163875,0.408593475470136,0.40466768095175243,0.3770149588455861,0.3434243748708037,0.29000854751917227,0.2038940777149907
43,0.06511205330102968,0.34800057726107797,0.4084955701716573,0.4045709826668279,0.3768904951941759,0.3432829434326851,0.28985509062847936,0.20375218845150467
44,0.06662628709872805,0.34771444677825086,0.4082020246254342,0.4042805700746647,0.37658554903154706,0.3429771523656613,0.28956285414545047,0.20351254554082598
45,0.0681405208964264,0.3472622643738335,0.4077133689845758,0.4037969684801572,0.3761006519519929,0.3425075218584283,0.28913232186055393,0.20317553526599003
46,0.06965475469412477,0.34664473952463704,0.4070303821006427,0.40312094644370344,0.37543656917722773,0.3418747863080347,0.2885641594609387,0.2027416733433707
47,0.07116898849182314,0.34586282173018035,0.406154123198689,0.40225355552029723,0.37459431890722095,0.3410799084365878,0.28785922493518024,0.20221161298679177
48,0.0726832222895215,0.3449176848459264,0.4050859112786505,0.40119610004099976,0.37357516510593514,0.34012407835507197,0.2870185711446434,0.20158614645651485
49,0.07419745608721987,0.3438107036075478,0.4038273198216823,0.39995013548861025,0.3723806030110851,0.33900869415394147,0.2860434243553337,0.2008661877306778
50,0.07571168988491823,0.3425435031958403,0.4023801914695096,0.39851748618699945,0.3710123795291039,0.3377353849373413,0.2849352074926122,0.20005279111584534
51,0.07722592368261659,0.3411179102956142,0.4007466226571696,0.39690022657632273,0.36947247274579237,0.3363059889271435,0.28369551894484146,0.1991471342043467
52,0.07874015748031496,0.33953596129798114,0.3989289528472183,0.3951006709584773,0.36776308577775046,0.3347225491408848,0.2823261294401927,0.19815051550349932
53,0.08025439127801333,0.3377999260771194,0.3969297951254053,0.39312140733459816,0.3658866721865739,0.3329873359529163,0.2808290017244311,0.19706437066565496
54,0.08176862507571168,0.3359122871161378,0.39475201429794343,0.3909652681859481,0.3638459209050557,0.33110283542669516,0.2792062816688443,0.19589026456289146
55,0.08328285887341005,0.33387574209088944,0.3923987278188533,0.3886353397556002,0.3616437507335089,0.32907174131475375,0.2774602890376288,0.19462988435063477
56,0.08479709267110842,0.33169305029359136,0.38987312926828543,0.3861347733041923,0.3592831627209323,0.32689682595097225,0.2755934107139944,0.19328496188367056
57,0.08631132646880678,0.3293670079240485,0.38717845406503926,0.3834667788820192,0.356767179073216,0.3245808717945155,0.27360803059652383,0.19185721423665036
58,0.08782556026650515,0.3269010918446196,0.3843187351739986,0.380635341954914,0.3540995657485449,0.3221273473910652,0.2715071311840347,0.19034881009886523
59,0.08933979406420352,0.3242988375084836,0.38129807425927276,0.3776445241125743,0.35128414814920783,0.3195397717779376,0.26929372987632355,0.18876193103755784
60,0.09085402786190187,0.3215638918200464,0.3781207130903319,0.3744985245294297,0.34832487538631757,0.31682177117600485,0.2669709262652766,0.1870988055787701
61,0.09236826165960024,0.31869989543144694,0.3747909040554991,0.37120156488797507,0.3452256793081841,0.31397693765653617,0.26454176847602007,0.18536160231030424
62,0.09388249545729861,0.3157125443285294,0.3713151795045432,0.36776010043704627,0.3419927086451693,0.31101098181774867,0.26201123588026465,0.1835540230919725
63,0.09539672925499697,0.31260494822955426,0.36769725203277465,0.3641778054169095,0.33862936530718774,0.30792696780851303,0.2593818536019642,0.18167776159693874
64,0.09691096305269534,0.3093818635811445,0.36394264933110476,0.3604601505057799,0.335140795346724,0.30472962246711516,0.2566576684946508,0.17973573984716856
65,0.0984251968503937,0.3060479088750257,0.36005676330261793,0.3566124710253627,0.33153200439418623,0.30142353004889433,0.25384258375515584,0.17773074634677052
66,0.09993943064809206,0.3026078379312598,0.3560451420658,0.35264025965713397,0.32780814201397596,0.2980134046292904,0.250940610782804,0.1756656451641291
67,0.10145366444579043,0.2990666050071068,0.35191356997231904,0.34854924003172383,0.3239745768542758,0.294504161871332,0.24795593446026942,0.1735434258070666
68,0.1029678982434888,0.29542928064282986,0.3476679672060457,0.3443452750848968,0.32003679861634904,0.290900824921521,0.2448928265693444,0.1713671340290098
69,0.10448213204118716,0.2917011253778512,0.34331447677683974,0.34003444796312415,0.3160005022924709,0.287208604449422,0.24175571875622753,0.1691399301626303
70,0.10599636583888553,0.28788750238776184,0.338859365816897,0.335622959886739,0.3118715012246933,0.28343281923215574,0.2385491327422265,0.16686503469277097
71,0.1075105996365839,0.28399386164901164,0.3343090071930286,0.33111711972056607,0.3076556999352278,0.2795788665822604,0.23527765063478034,0.16454570334907032
72,0.10902483343428225,0.2800258307648098,0.32966997921187,0.32652344045858894,0.3033591933371768,0.27565231892728526,0.2319460053847328,0.16218530165236505
73,0.11053906723198062,0.2759891862312688,0.324949034688377,0.3218486064965391,0.2989882387677077,0.2716588972167216,0.22855905595597714,0.1597872837818714
74,0.11205330102967898,0.27188974948167866,0.3201529849491795,0.31709936369946823,0.2945491397580137,0.2676043587642756,0.22512168410261146,0.15735510976861367
75,0.11356753482737734,0.2677334303749373,0.31528875218540814,0.31228256584846603,0.29004830106182916,0.26349455186242765,0.2216388468763304,0.15489229057877024
76,0.11508176862507571,0.26352628967457653,0.3103634170015368,0.3074052252332868,0.28549227651374426,0.2593354625680049,0.21811562020749842,0.1524024233757874
77,0.11659600242277407,0.2592744279610483,0.30538413130309716,0.3024744203511209,0.28088768512932605,0.2551331353473417,0.2145571274289632,0.1498891350341437
78,0.11811023622047244,0.25498398205181766,0.3003580853564617,0.29749727213411237,0.2762411694971494,0.2508936275708994,0.21096849266322215,0.14735604156017224
79,0.11962447001817081,0.2506611776202452,0.29529256895079065,0.29248099755922674,0.27155947559152765,0.24662309804962268,0.20735493298512647,0.14480683080711015
80,0.12113870381586916,0.246312335112722,0.2901949877921337,0.2874329311840795,0.2668494461885619,0.24232778863567805,0.2037217315689896,0.1422452338114298
81,0.12265293761356753,0.24194379545128672,0.28507277331562575,0.28236043022496204,0.26211795100139557,0.23801396575991035,0.2000741905558222,0.13967499087188306
82,0.1241671714112659,0.23756193098449607,0.2799333958788516,0.27727089278507977,0.25737189122007464,0.23368792196351298,0.196417631058811,0.13709985160343116
83,0.12568140520896426,0.2331731180624321,0.27478433442639094,0.272171726838689,0.2526181712265419,0.22935594929091435,0.1927573694499853,0.13452355689466797
84,0.12719563900666264,0.22878376508478965,0.26963310555363024,0.26707037715907944,0.24786373023239427,0.22502437129714076,0.18909874847653085,0.13194986564993216
85,0.128709872804361,0.22440030665481445,0.26448725311384674,0.26197431596359855,0.24311553260950267,0.2206995346314764,0.18544713059552395,0.12938255020418685
86,0.13022410660205935,0.22002931985163346,0.25935451365361584,0.25689113083014453,0.23838079815151159,0.2163880534177215,0.18180814160103598,0.12682560715621916
87,0.13173834039975774,0.2156766698837149,0.2542417515057452,0.2518278228344326,0.23366563091682332,0.21209537523469363,0.17818625328662036,0.12428203858915253
88,0.1332525741974561,0.21134928430283773,0.2491571102833593,0.246792253597222,0.22897777691774618,0.20782866993578972,0.1745876503323459,0.12175633190609625
89,0.13476680799515445,0.20705322823602662,0.24410771339025517,0.2417915674653468,0.22432370035429258,0.2035937685966846,0.17101718822276477,0.11925182129692542
90,0.1362810417928528,0.202794845341675,0.23910101274412776,0.23683313108064658,0.2197102877081286,0.19939694708319092,0.1674801685983075,0.11677223276293197
91,0.1377952755905512,0.1985803778495558,0.2341443437807769,0.231924210070317,0.2151442992546224,0.19524435609448365,0.16398177507829445,0.11432119486661102
92,0.13930950938824954,0.19441608835119636,0.2292450578739633,0.227072149788116,0.21063243697511985,0.19114206078683912,0.16052708712556407,0.11190223236105185
93,0.1408237431859479,0.19030783138160337,0.2244100704521772,0.22228362177296754,0.20618126762604427,0.1870961185878083,0.1571212892222693,0.10951904673507991
94,0.14233797698364628,0.18626191691157445,0.2196467682510886,0.21756612409510204,0.20179739378444372,0.18311244543859329,0.1537692770555489,0.10717498118727291
95,0.14385221078134464,0.182284143626985,0.21496199148869752,0.21292635221089312,0.19748719881437324,0.1791968801738151,0.15047599906380238,0.10487352062996919
96,0.145366444579043,0.17838037594052866,0.21036263951921919,0.2083711536162412,0.19325701724613062,0.17535517224873703,0.14724628496461314,0.10261802846716628
97,0.14688067837674137,0.1745563457856109,0.2058554612351513,0.20390721385330435,0.18911305712427495,0.17159296046982192,0.14408487491522864,0.10041180795651569
98,0.14839491217443973,0.17081766837571255,0.20144707054838712,0.19954108511485197,0.1850613999286228,0.16791576678476897,0.14099640850867057,0.0982580896446964
99,0.14990914597213809,0.16716983496407842,0.19714393793692114,0.1952791771571202,0.18110799361000324,0.16432899041239957,0.13798542027836616,0.09616002856374033
100,0.15142337976983647,0.16361820337353944,0.1929523792764383,0.1911277468430885,0.17725864160235844,0.16083789747157087,0.13505633059929772,0.09412069764902278
101,0.15293761356753482,0.1601679906622368,0.18887854720440692,0.18709288932446091,0.17351899518985295,0.15744761421484404,0.132213440193095,0.09214308412442905
102,0.15445184736523318,0.15682426274327343,0.18492842177537594,0.1831805279972402,0.1698945450945449,0.15416311941033548,0.12946092373311216,0.0902300850925731
103,0.15596608116293156,0.15359193826490108,0.181107802058118,0.17939640972313672,0.16639061283038495,0.1509892363546934,0.12680282305087984,0.08838450276809778
104,0.15748031496062992,0.15047575896325935,0.1774222948524198,0.17574608765342326,0.16301234170754839,0.14793062482229716,0.12424304040656284,0.08660903981599752
105,0.15899454875832827,0.14748030569930543,0.17387731137581797,0.1722349231045042,0.15976469282676722,0.1449917775139725,0.1217853357433603,0.08490629780558033
106,0.16050878255602666,0.14460997798445321,0.17047805453238338,0.16886807050579636,0.15665243373014154,0.14217700960512664,0.11943331763164916,0.08327877055816803
107,0.162023016353725,0.14186899203919467,0.16722951351875792,0.16565047269637495,0.1536801333987132,0.13949045430878187,0.11719043972567714,0.08172884191963967
108,0.16353725015142337,0.13926137399145813,0.1641364561113774,0.16258685319659794,0.15085215519457545,0.13693605647449061,0.11505999538573566,0.0802587820755721
109,0.16505148394912175,0.1367909536458054,0.16120342135104293,0.15968170895686346,0.14817265014749847,0.13451756649817326,0.11304511257196437,0.0788707439874441
110,0.1665657177468201,0.13446135856634192,0.1584347125643863,0.15693930339571743,0.14564555060530648,0.1322385345910883,0.11114874906408456,0.07756676012001791
111,0.16807995154451846,0.13227601005545653,0.15583439246209077,0.1543636616584322,0.14327456570339403,0.13010230670808837,0.10937368912593784,0.07634874025286899
112,0.16959418534221685,0.1302381179415163,0.1534062766200408,0.15195856318267734,0.14106317999238221,0.12811202202040364,0.1077225393552691,0.07521846821373368
113,0.1711084191399152,0.12835066997918881,0.15115392336783506,0.14972753602767985,0.13901462155142602,0.12627059019262799,0.10619771956506507,0.07417759727051874
114,0.17262265293761356,0.12661644121810067,0.14908063982472064,0.147673847858943,0.13713191744790515,0.12458073527570077,0.10480148536576261,0.07322766428894159
115,0.17413688673531194,0.12503797233294267,0.147189462567617,0.1458005275378987,0.13541780665967107,0.12304489695940729,0.10353583399958716,0.07237002142897347
116,0.1756511205330103,0.12361758454086975,0.14548316625474206,0.14411030348513595,0.1338748213428983,0.12166537296512403,0.10240268796795196,0.07160596779151676
117,0.17716535433070865,0.1223573567663648,0.14396425012598957,0.14260566052401116,0.1325052138275141,0.12044416035092918,0.1014036695327768,0.07093659861436909
118,0.17867958812840704,0.1212591390563174,0.14263493985520567,0.14128880387267131,0.1313109938078883,0.11938305617723872,0.10054025413210597,0.07036289686737313
119,0.1801938219261054,0.12032453973088256,0.14149718057556537,0.14016166066171912,0.13029390935512022,0.11848361374542865,0.09981370511304322,0.06988570050650744
120,0.18170805572380375,0.11955492635250357,0.14055263497809758,0.13922587901194702,0.129455448203919,0.1177471487791437,0.0992250849283096,0.06950570515524007
121,0.18322228952150213,0.1189514297074163,0.13980268996195203,0.13848283502776246,0.12879684020313645,0.11717474290142936,0.09877525944003687,0.06922346858878331
122,0.18473652331920049,0.1185149281161824,0.139248438583443,0.13793360459673956,0.12831904511045567,0.11676723003693877,0.09846488360640995,0.06903939993217229
123,0.18625075711689884,0.11824605970802228,0.13889068724248593,0.13757899392043194,0.12802275850540615,0.11652520344295282,0.0982944088382067,0.06895376516338472
124,0.18776499091459722,0.11814521210763593,0.1387299528210933,0.1374195134672098,0.12790840999046185,0.11644901706698317,0.09826408730212231,0.06896668961300384
125,0.18927922471229558,0.11821252547770647,0.13876646352369354,0.13745539009012678,0.12797615735213588,0.11653876555087159,0.09837394148829673,0.06907814259167044
126,0.19079345850999394,0.11844789580955555,0.13900015695400625,0.13768656233500629,0.12822589532970421,0.11679431939898152,0.09862381943479777,0.06928796271178221
127,0.19230769230769232,0.11885096769798575,0.139430679410286,0.1381126806446323,0.12865724726844258,0.11721529123598637,0.09901334077309348,0.06959583418923608
128,0.19382192610539067,0.11942114091592385,0.14005738858133857,0.13873310901300107,0.12926957062848207,0.11780105603097707,0.099541929250967,0.0700013022679544
129,0.19533615990308903,0.12015756678026977,0.1408793519055161,0.13954692411514769,0.13006195467516118,0.11855074202218949,0.10020879790210668,0.07050376457320345
130,0.1968503937007874,0.12105915194281601,0.1418953483491548,0.1405529166264623,0.13103322345914828,0.1194632380717349,0.10101295997134327,0.0711024791975268
131,0.19836462749848577,0.1221245570123843,0.14310386931317795,0.14174959236631804,0.13218193554244903,0.12053718991234466,0.1019532216087301,0.07179655889178252
132,0.19987886129618412,0.1233522056223425,0.14450312737373658,0.14313518108476125,0.1335063916931247,0.12177100834440063,0.10302819218009718,0.07258497939767092
133,0.2013930950938825,0.12474031962481148,0.14609109421138955,0.14470767788819686,0.13500466872637332,0.12316290193675375,0.10423631178796745,0.07346659961333857
134,0.20290732889158086,0.12628685943921894,0.14786543837064506,0.14646477318814016,0.13667456734056138,0.12471082709667715,0.10557580658386184,0.07444012784879679
135,0.20442156268927922,0.12798948960135006,0.1498234862078483,0.1484038113603316,0.13851357749704687,0.1264124582636396,0.10704466436383883,0.07550410306712532
136,0.2059357964869776,0.12984572688672003,0.15196238138621354,0.15052195191661197,0.14051903151322825,0.1282653349907073,0.1086407703444201,0.07665700463222715
137,0.20745003028467596,0.1318528322138384,0.15427896572246236,0.1528161239265093,0.14268790125998249,0.13026662879977774,0.11036165803080672,0.07789702736522292
138,0.2089642640823743,0.13400824356363492,0.1567702719391887,0.15528331926653238,0.1450174975701854,0.132413906388292,0.11220529157459383,0.07922276760105462
139,0.2104784978800727,0.1363087327425891,0.1594325593974631,0.15791985984437515,0.14750430387236443,0.1347039144930035,0.11416886287079293,0.08063219275906472
140,0.21199273167777105,0.13875078076673192,0.16226177880684195,0.16072174019091015,0.1501445158080501,0.1371331395866678,0.1162493437997,0.08212310934235474
141,0.2135069654754694,0.1413307118968333,0.16525369084321123,0.16368473845607112,0.1529341923036774,0.13969795193314968,0.11844362043546185,0.08369328799891292
142,0.2150211992731678,0.14404452525506523,0.168403665589156,0.16680428717435442,0.15586898835851157,0.14239434231249926,0.12074824615024135,0.08534024701393894
143,0.21653543307086615,0.14688781202937026,0.17170661112779084,0.17007533798400576,0.15894414943608237,0.14521792977039408,0.12315945932729618,0.08706128217143402
144,0.2180496668685645,0.1498576032244538,0.17515900324348194,0.17349440753505121,0.16215642983143175,0.14816577927039645,0.125674829538423,0.0888547671171726
145,0.21956390066626288,0.15294907981469316,0.17875527736880617,0.17705597547756521,0.16550064413678361,0.1512331157812414,0.12829025217909512,0.09071773500157772
146,0.22107813446396124,0.15615755780201176,0.18249000257789594,0.18075466512084978,0.16897172850495848,0.1544152829749176,0.1310017416053062,0.09264733396776842
147,0.2225923682616596,0.15947841096508558,0.1863577929488533,0.18458514127326642,0.17256467880822013,0.15770769537101562,0.1338053959772969,0.09464080108260789
148,0.22410660205935795,0.16290676381703795,0.1903529749210086,0.18854178400612626,0.17627422291967926,0.1611055203883581,0.13669709972923144,0.09669521595374733
149,0.22562083585705633,0.16643758050394583,0.1944696848825429,0.19261878506617747,0.18009491491969357,0.16460376846439223,0.13967260639836312,0.09880756771091884
150,0.2271350696547547,0.17006567176714502,0.19870187714919998,0.19681015581272265,0.1840211424852035,0.1681972996652732,0.14272754407827146,0.10097475996417182
151,0.22864930345245305,0.17378570474833185,0.20304333540721692,0.20110973847089053,0.1880471372205482,0.17188083343708055,0.14585742418015624,0.10319361504938755
152,0.23016353725015143,0.17759220947996332,0.20748768155748942,0.2055112126101606,0.19216698387157158,0.17564895655225918,0.14905764688664425,0.10546087942957955
153,0.23167777104784978,0.18147959494550722,0.21202839007119378,0.2100081193577748,0.19637463243326375,0.17949613497248917,0.15232351312283487,0.10777323110376134
154,0.23319200484554814,0.18544214802862813,0.21665879322905487,0.21459385225325894,0.20066389706247148,0.18341671470628235,0.15565022664642306,0.11012728205998742
155,0.23470623864324652,0.1894740546350699,0.22137209908217376,0.21926168201398266,0.20502849948340704,0.18740495111336108,0.15903290770916295,0.11251958663964318
156,0.23622047244094488,0.1935693913610061,0.22616138832991975,0.22400475563071687,0.2094620226187623,0.19145498295474103,0.16246659002686747,0.11494664028331168
157,0.23773470623864323,0.1977221474174767,0.23101963485674548,0.22881611331953328,0.21395796363525219,0.19556086876278578,0.16594623636011785,0.11740489001399725
158,0.23924894003634162,0.2019262294509046,0.23593971445575201,0.23368869819943877,0.21850972865181817,0.19971658663892344,0.1694667435404168,0.11989073730788073
159,0.24076317383403997,0.20617547253016996,0.2409144146615388,0.2386153664354138,0.2231106446662641,0.20391604390987536,0.17302295175136392,0.12240054632569317
160,0.24227740763173833,0.21046364641616847,0.24593644551234156,0.24358889678234266,0.22775396951946209,0.20815308593345366,0.17660964948741567,0.12493064591395607
161,0.2437916414294367,0.21478447447655283,0.2509984583526156,0.24860201065706428,0.2324329081679967,0.21242151249767008,0.18022158984373804,0.12747734189852208
162,0.24530587522713507,0.21913162970762076,0.25609304250963494,0.2536473681661473,0.23714061122745142,0.21671507505714718,0.18385348640630067,0.13003691354777552
163,0.24682010902483342,0.22349875198819288,0.2612127477895139,0.2587175896440727,0.2418701937229416,0.221027493966994,0.18750002792797893,0.13260562350481567
164,0.2483343428225318,0.227879456662853,0.2663500910390895,0.2638052636301918,0.24661474249350798,0.2253524655463144,0.19115588494111976,0.13517972319884383
165,0.24984857662023016,0.23226734287964898,0.27149756656455676,0.26890295598565306,0.251367326309849,0.22968367220882496,0.19481571889649746,0.13775545892156965
166,0.2513628104179285,0.2366560032515272,0.2766476629215923,0.27400322728904164,0.256121008706723,0.23401479175947462,0.1984741877684159,0.14032907548555457
167,0.2528770442156269,0.24103903466775412,0.2817928590641248,0.27909862819181824,0.2608688509414581,0.23833950351184593,0.2021259540662017,0.1428968223356525
168,0.2543912780133253,0.24541004306467626,0.28692565472332604,0.28418173084596343,0.2656039308124505,0.24265150239310357,0.20576569496428188,0.14545496018992732
169,0.2559055118110236,0.24976266323970345,0.29203857377035275,0.28924513139139724,0.2703193516006926,0.2469445079936049,0.2093881098690709,0.14799976625587963
170,0.257419745608722,0.25409055817142934,0.2971241719701818,0.2942814571415535,0.275008248742758,0.2512122713084489,0.21298792687759532,0.15052753906848787
171,0.2589339794064204,0.2583874324902832,0.30217505079837176,0.29928338120721976,0.2796638014550096,0.2554485847571839,0.2165599108396318,0.1530346039324967
172,0.2604482132041187,0.2626470411073267,0.3071838678359452,0.30424363235118385,0.2842792428113792,0.2596472914928775,0.22009887126290248,0.1555173184509252
173,0.2619624470018171,0.26686319836470473,0.3121433475385929,0.3091550057349327,0.2888478695719342,0.2638022943146952,0.2235996698020675,0.15797207768055327
174,0.2634766807995155,0.27102978707444564,0.31704629184153726,0.314010373420715,0.2933630519573255,0.26790756456502085,0.2270572277687069,0.16039531959596146
175,0.2649909145972138,0.27514077057366954,0.32188559098572145,0.31880269607456496,0.29781824335817597,0.2719571509163997,0.23046653348954538,0.1627835300590562
176,0.2665051483949122,0.27919018721400984,0.32665423222667944,0.3235250274183523,0.3022069893813981,0.27594518770248144,0.23382264938378114,0.1651332478551772
177,0.2680193821926105,0.2831721842564194,0.331345312417572,0.32817053374745836,0.30652293773835654,0.2798659037278602,0.23712071928656298,0.1674410697885461
178,0.2695336159903089,0.28708100306265666,0.33595204589000566,0.33273249564245555,0.31075984691134934,0.28371363027746793,0.24035597525334124,0.16970365548886726
179,0.2710478497880073,0.29091099880529686,0.3404677749710847,0.3372043212397219,0.3149115951424614,0.2874828092003789,0.24352374431347096,0.17191773213814332
180,0.2725620835857056,0.2946566454769655,0.3448859792823248,0.341579554708319,0.3189721891481279,0.2911680008308595,0.24661945513693326,0.17408009916459247
181,0.274076317383404,0.29831254395390294,0.3492002849129555,0.345851885387475,0.32293577256046063,0.2947638916537792,0.2496386444795416,0.1761876327905929
182,0.2755905511811024,0.3018734295082294,0.3534044733152174,0.3500151566910988,0.3267966339553284,0.2982653015357237,0.2525769632233272,0.1782372902720501
183,0.2771047849788007,0.3053341792530235,0.357492490151503,0.3540633746506248,0.330549215217809,0.30166719138140574,0.2554301828564904,0.18022611450253767
184,0.2786190187764991,0.30868981910173604,0.36145845354230355,0.3579907163018277,0.3341881188125508,0.3049646696196829,0.2581942008478982,0.1821512377884066
185,0.28013325257419747,0.31193553064760937,0.3652966622682249,0.3617915375673133,0.3377081155771135,0.3081529993733242,0.26086504674911914,0.18400988620184722
186,0.2816474863718958,0.31506665771511144,0.36900160350002603,0.36546038122490454,0.34110415143504164,0.311227604332767,0.26343888695147955,0.18579938289245995
187,0.2831617201695942,0.31807871271456484,0.3725679604418968,0.3689919841103012,0.344371354760001,0.3141840756141025,0.26591203060641266,0.18751715238004768
188,0.28467595396729256,0.3209673827009034,0.37599061954046,0.3723812844035598,0.3475050428194256,0.3170181775050912,0.2682809343699239,0.18916072383000426
189,0.2861901877649909,0.3237285351001464,0.37926467730469066,0.37562342837198887,0.3505007279586946,0.3197258530209195,0.2705422070313412,0.190727734444604
190,0.28770442156268927,0.3263582232182931,0.38238544692138404,0.378713776870224,0.3533541237033244,0.322303229435252,0.2726926141535604,0.19221593270131596
191,0.28921865536038766,0.32885269151197455,0.3853484645368821,0.38164791156887923,0.35606115046265807,0.32474662341436866,0.2747290823674532,0.19362318145543467
192,0.290732889158086,0.331208376237962,0.3881494945893543,0.38442163891397363,0.35861794072425235,0.32705254572416487,0.27664870330182123,0.19494746072364336
193,0.29224712295578437,0.3334219287203898,0.390784537467994,0.38703100322700495,0.36102084462588435,0.32921770607265005,0.27844873753716504,0.19618687050516426
194,0.29376135675348275,0.33549018666555974,0.3932498316156753,0.3894722792101669,0.36326643437677764,0.33123901749483936,0.2801266185240038,0.19733963366459353
195,0.2952755905511811,0.33741020848176007,0.39554186088378795,0.39174198771519053,0.36535150855010223,0.33311359970657123,0.28167995500926424,0.1984040975407359
196,0.29678982434887946,0.3391792619316688,0.3976573580259567,0.39383689502385427,0.36727309656206225,0.33483878345294427,0.28310653490704646,0.19937873681999954
197,0.29830405814657784,0.34079483157722,0.39959330915393976,0.39575401833582213,0.3690284623273059,0.33641211367374435,0.2844043278348808,0.20026215531145936
198,0.29981829194427617,0.3422546215981548,0.4013469576358004,0.3974906295257907,0.3706151077881505,0.3378313526619267,0.28557148773657676,0.20105308783555859
199,0.30133252574197456,0.34355655860901496,0.40291580756008805,0.399044258483298,0.37203077611367397,0.33909448293786304,0.2866063552645656,0.20175040191625823
200,0.30284675953967294,0.34469879434663453,0.4042976269675461,0.40041269639114846,0.3732734545307581,0.3401997097488091,0.28750745982641934,0.2023530992713747
201,0.30436099333737127,0.3456797083906861,0.4054904514130374,0.4015939990681799,0.3743413775042636,0.3411454638286463,0.28827352177545396,0.20286031724760256
202,0.30587522713506965,0.34649790765577426,0.4064925825309479,0.4025864859519121,0.3752330258247531,0.3419304009586958,0.2889034524245996,0.20327132921723617
203,0.30738946093276803,0.3471522337948537,0.40730259847626843,0.40338874962035925,0.3759471354493582,0.34255340920714933,0.2893963593583128,0.20358554763316594
204,0.30890369473046636,0.3476417579446698,0.40791934656223316,0.40399964979204217,0.37648269038574084,0.34301360272842096,0.2897515415328388,0.20380252131582766
205,0.31041792852816474,0.3479657859409835,0.40834194956006215,0.4044183178969548,0.37683893042478295,0.3433103293768733,0.28996849610449804,0.2039219398941109
206,0.3119321623258631,0.34812385836947524,0.40856980631975093,0.4046441587556565,0.37701534979803797,0.34344316863658725,0.2900469159717466,0.2039436320334333
207,0.31344639612356145,0.34811575278144247,0.4086025961148365,0.4046768556314388,0.37701169841934734,0.343411931241345,0.2899866880885161,0.20386756304481085
208,0.31496062992125984,0.3479414771612511,0.40844026428716057,0.40451635337155134,0.3768279794279817,0.3432166631152987,0.2897879024161385,0.20369384571164262
209,0.3164748637189582,0.3476012795987441,0.40808304457869193,0.404162884538326,0.3764644521415469,0.34285763759549026,0.28945083569583063,0.20342272109226583
210,0.31798909751665655,0.34709564417532734,0.40753144609486347,0.4036169496009554,0.37592163860888056,0.34233537173289946,0.28897597450286605,0.20305458199102083
211,0.31950333131435493,0.3464252821358765,0.40678624199516966,0.4028793177844968,0.37520029835082985,0.341650596432433,0.28836398444256084,0.20258994765829416
212,0.3210175651120533,0.34559114777840094,0.40584849849367477,0.40195104065575166,0.37430146315376595,0.34080429054697814,0.2876157401316917,0.20202948420894476
213,0.32253179890975164,0.3445944263071809,0.4047195417949316,0.40083343304839725,0.37322640562688963,0.3397976534870992,0.28673230391484317,0.20137399260636568
214,0.32404603270745,0.34343651834018146,0.4034009746941344,0.3995280782778239,0.3719766504626266,0.33863211196303244,0.2857149281154732,0.2006244066992432
215,0.3255602665051484,0.34211907763787175,0.40189467142455615,0.39803683191210637,0.3705539757022677,0.33730932475044784,0.28456506204905285,0.1997818005809175
216,0.32707450030284674,0.3406439694918179,0.4002027719841622,0.3963618113498064,0.3689604014905131,0.33583116970049076,0.2832843390296954,0.1988473778860494
217,0.3285887341005451,0.3390132886147865,0.39832768183760603,0.3945053961257614,0.36719819399203973,0.3341997489839498,0.2818745819052305,0.19782247624365767
218,0.3301029678982435,0.33722935233899703,0.39627206894645806,0.39247022845790747,0.36526985847713417,0.33241738075845234,0.28033779441847784,0.19670856070815865
219,0.33161720169594183,0.3352946952839369,0.3940388586002776,0.39025920061277963,0.3631781405773723,0.3304866033091576,0.2786761671159145,0.19550722815288865
220,0.3331314354936402,0.3332120660049081,0.39163122765745917,0.3878754564668754,0.36092601583438927,0.3284101630155305,0.2768920650656803,0.19422019834196885
221,0.3346456692913386,0.3309841144414376,0.3890522416947391,0.3853220222138656,0.35851636805642545,0.32619072438594826,0.27498778005488655,0.19284912909078178
222,0.3361599030890369,0.32861392827847613,0.3863054765570252,0.38260244176541774,0.3559525330570505,0.3238313580517754,0.27296594702246274,0.1913959271238403
223,0.3376741368867353,0.32610497965765867,0.38339495844050964,0.37972069853491586,0.35323826910206685,0.32133552422105915,0.27082953860647835,0.18986275028287886
224,0.3391883706844337,0.3234608353277681,0.3803248286836518,0.3766808904593444,0.35037743893549916,0.3187067754970494,0.2685815991314914,0.1882517962648167
225,0.340702604482132,0.3206850717528867,0.3770992551318322,0.3734871470843406,0.34737391390414024,0.3159486597376387,0.2662251517869446,0.1865652280209148
226,0.3422168382798304,0.3177821526384342,0.37372340353082834,0.3701445919905011,0.34423250416070605,0.3130656042516059,0.26376400294569646,0.18480581465029988
227,0.3437310720775288,0.3147567777807,0.3702027163593954,0.3666585984389553,0.34095830880215794,0.31006231465099815,0.26120220621132784,0.18297650551775801
228,0.3452453058752271,0.31161264430260616,0.36654155352948564,0.3630334846122098,0.3375553476513442,0.3069424422345306,0.25854282253082767,0.1810794260678259
229,0.3467595396729255,0.3083544585789947,0.3627453939236295,0.3592746707747827,0.3340287175391664,0.30371066499765725,0.25578985060078624,0.1791174538922054
230,0.3482737734706239,0.304986872984948,0.3588196657927197,0.35538753113576105,0.33038345791289175,0.3003715971350384,0.25294721792081776,0.1770933944588661
231,0.3497880072683222,0.30151470283534804,0.35476999190322944,0.3513776299443942,0.32662478702876496,0.29693001603398855,0.2500189904877511,0.17501015097595649
232,0.3513022410660206,0.29794294335839144,0.3506022036861057,0.347250738521939,0.32275811685450445,0.2933908764903271,0.24700938571850078,0.17287073527413852
233,0.352816474863719,0.29427671452060916,0.34632227901429713,0.34301277841277067,0.31878898869277805,0.2897592480627439,0.24392271406516086,0.17067821975640202
234,0.3543307086614173,0.2905213253736689,0.34193641829821575,0.33866988719698,0.31472315301981707,0.2860403930258089,0.24076345178613465,0.16843579692690927
235,0.3558449424591157,0.28668215418967014,0.3374509084778711,0.33422828638408764,0.3105664393152018,0.2822396430771138,0.2375361289463445,0.16614668981620828
236,0.35735917625681407,0.2827647028010744,0.3328721823942487,0.3296943448145832,0.30632480718122573,0.27836244588012293,0.23424537066134923,0.16381418509020101
237,0.3588734100545124,0.2787746515698159,0.3282068796472997,0.325074635661623,0.30200440901525794,0.27441442688120604,0.2308959555382678,0.16144168127764313
238,0.3603876438522108,0.27471779989254747,0.3234617813094518,0.3203758719101604,0.2976115265965022,0.2704013280173432,0.22749275845147765,0.1590326413157191
239,0.36190187764990916,0.27059998671437563,0.3186437206405297,0.3156048217204684,0.29315248203527383,0.2663289222515481,0.22404067264626054,0.15659053115670143
240,0.3634161114476075,0.2664271641164189,0.3137596689512636,0.3107683868805189,0.28863372627797906,0.26220310058769475,0.220544692172497,0.1541188888342437
241,0.3649303452453059,0.2622054244380044,0.30881674406986126,0.3058736154415691,0.2840618486491941,0.25802988169437757,0.21700992060093063,0.15162133077961615
242,0.36644457904300426,0.2579408709732024,0.30382210308256796,0.30092759362939653,0.27944346843501267,0.2538153080369278,0.21344147700296395,0.14910147752333439
243,0.3679588128407026,0.2536396616563405,0.29878296135319793,0.2959374641322272,0.2747852548286385,0.24956546181642505,0.2098445064425098,0.14656295960470733
244,0.36947304663840097,0.2493080594241998,0.29370665129780194,0.2909104887521772,0.2700939904866209,0.24528653513078874,0.2062242548367224,0.1440094861480888
245,0.37098728043609935,0.24495239330510585,0.2886005899498595,0.28585401210932065,0.26537652918366983,0.24098477938843424,0.20258601236216534,0.14144479145823627
246,0.3725015142337977,0.2405790139285534,0.28347222082021195,0.2807754037440756,0.2606397508076094,0.23666646960086216,0.19893508748268596,0.13887261896117467
247,0.37401574803149606,0.2361942988067873,0.2783290215668571,0.27568206921029537,0.25589056202251875,0.23233790238512858,0.19527680361411387,0.13629671845061314
248,0.37552998182919445,0.2318046259601629,0.2731784732129373,0.27058141915966283,0.2511358683081607,0.2280053702071374,0.19161647668901827,0.13372082942926006
249,0.3770442156268928,0.22741642386073804,0.2680281117736589,0.26548091812548363,0.24638262704040537,0.22367521351900688,0.18795946431369948,0.1311487218832466
250,0.37855844942459116,0.2230362875821891,0.26288569168994835,0.260388172374508,0.2416380759735892,0.2193540646402208,0.1843114103277265,0.12858440872233667
251,0.38007268322228954,0.21867009457854084,0.25775809133089006,0.2553101933886545,0.23690833659915211,0.21504738929878633,0.18067680438989667,0.12603090751133156
252,0.38158691701998787,0.21432478956113207,0.2526534722292215,0.2502548644518002,0.2322011685917733,0.21076236905240395,0.17706184057757182,0.12349271228367453
253,0.38310115081768625,0.21000645733934858,0.24757898039156392,0.2452293503657059,0.22752305985688095,0.20650485810275834,0.17347139565530334,0.1209731743236053
254,0.38461538461538464,0.20572147057438142,0.24254210049890695,0.24024105001315266,0.2228809284358319,0.20228116209824099,0.1699107977205408,0.11847603992899622
255,0.38612961841308296,0.2014761093492344,0.23755021091004527,0.23529727146053092,0.21828157549422814,0.19809747005700112,0.16638526416918012,0.11600496327725744
256,0.38764385221078135,0.19727668308777768,0.23261071636009503,0.23040541215137111,0.2137317544516091,0.1939598955243016,0.16289991722093686,0.11356350144071375
257,0.38915808600847973,0.19312908882057414,0.22773058118001183,0.22557219403819273,0.20923807564482533,0.18987453516595415,0.15945997412807736,0.11115537888603974
258,0.39067231980617806,0.18903970063055797,0.22291726540438325,0.22080518559020543,0.20480721344447742,0.18584737291260064,0.15607039110549312,0.10878398487516025
259,0.39218655360387644,0.18501437646915173,0.2181776776445249,0.21611115089723062,0.20044561422351867,0.1818843052655672,0.1527361656891456,0.10645283940038852
260,0.3937007874015748,0.18105905009799425,0.21351879720328715,0.21149701641901347,0.1961596877060085,0.17799115127054002,0.14946218772328726,0.10416534971967133
261,0.39521502119927315,0.17717952829558367,0.20894745940551301,0.2069695532969159,0.19195572282717957,0.17417362435189337,0.14625326154856033,0.1019248655704046
262,0.39672925499697154,0.1733815071694848,0.20447037175350438,0.20253540620102828,0.18783988877854155,0.1704373274123364,0.1431140963866074,0.09973466779292103
263,0.3982434887946699,0.169670564612397,0.20009410497806152,0.1982010843454199,0.18381822695386188,0.16678774561078588,0.14004930039436483,0.09759796438076801
264,0.39975772259236825,0.16605215083019742,0.1958250820279896,0.19397295051369268,0.17989664081721926,0.163230237154196,0.13706337287439307,0.09551788495955409
265,0.40127195639006663,0.16253158064822404,0.1916695689320902,0.18985721215784862,0.17608088736339192,0.15977002547369545,0.13416069768573216,0.09349747630207045
266,0.402786190187765,0.15911402589046056,0.18763366582531615,0.18585991242023647,0.17237656897666112,0.156412191904484,0.13134553715741126,0.09153969817881868
267,0.40430042398546334,0.15580450415116714,0.18372329667085813,0.1819869191383966,0.16878912413117103,0.15316166720759644,0.1286220249246913,0.08964741834090917
268,0.4058146577831617,0.15260788294954705,0.1799442012292889,0.17824392045590112,0.1653238190747482,0.15002322390168127,0.12599415941114722,0.08782340797202434
269,0.4073288915808601,0.14952885366211488,0.17630192755934468,0.17463641132737318,0.16198574259943652,0.14700147185313744,0.12346580047240527,0.08607033974553188
270,0.40884312537855844,0.14657194101833929,0.17280182172239553,0.17116968852084385,0.15877979517000707,0.14410084808631152,0.1210406604842003,0.08439078124706022
271,0.4103573591762568,0.14374148826101193,0.1694490210956919,0.16784884157164945,0.15571068344980024,0.1413256119912719,0.11872230053264704,0.082787192610889
272,0.4118715929739552,0.1410416530923498,0.1662484467255639,0.1646787458193299,0.15278291312334832,0.13867983879028237,0.11651412491731532,0.08126192267290785
273,0.41338582677165353,0.1384764009661214,0.16320479571539054,0.16166405478155527,0.15000078193314506,0.136167413226002,0.114419375854458,0.07981720535198861
274,0.4149000605693519,0.13604949893706786,0.16032253400604907,0.1588091929563096,0.1473683731007291,0.13379202361469839,0.11244112851405494,0.07845515620814317
275,0.4164142943670503,0.1337645114604946,0.15760589125863822,0.15611835085997772,0.14488955060849448,0.13155715761070602,0.1105822875509066,0.07717777017515484
276,0.4179285281647486,0.13162479359789506,0.15505885297503397,0.15359547711416857,0.14256795201068662,0.12946609566489634,0.10884558155958694,0.0759869176252431
277,0.419442761962447,0.1296334881977618,0.15268515655987283,0.15124427373417274,0.1404069893727555,0.12752191065788498,0.10723356087073982,0.07488434264511967
278,0.4209569957601454,0.12779351449759688,0.15048828035270917,0.14906818953492615,0.1384098166977122,0.12572744450870713,0.1057485877830546,0.0738716578923789
279,0.4224712295578437,0.12610757540259165,0.14847144947984992,0.14707041131413806,0.13657938305955042,0.12408534461462677,0.10439284792418545,0.07295035351030807
280,0.4239854633555421,0.12457814861449079,0.14663761870091074,0.14525388732115618,0.13491835731302418,0.12259800496921464,0.10316831717561373,0.07212175644028879
281,0.4254996971532405,0.12320747225575114,0.14498947751238733,0.14362125678486065,0.1334291884139476,0.12126762405289726,0.10207681140359498,0.07138710612998556
282,0.4270139309509388,0.12199755964105023,0.1435294396049291,0.1421749286115515,0.13211404835946047,0.12009613836582929,0.10111991431868989,0.07074745845071674
283,0.4285281647486372,0.12095018395783086,0.142259644502688,0.14091701560911246,0.13097487022412635,0.11908527252536139,0.10029903750029331,0.07020375678224433
284,0.4300423985463356,0.12006687861363358,0.1411819484595163,0.13984935989740055,0.13001331880440953,0.11823650335389636,0.0996153789950471,0.06975679183045924
285,0.4315566323440339,0.11934893768262524,0.14029792940790403,0.13897352391066214,0.12923080272286466,0.11755107501668846,0.0990699414572086,0.06940721738593922
286,0.4330708661417323,0.11879741416330963,0.1396088820054468,0.1382907942236837,0.12862846690127236,0.11702999112847942,0.09866352418591925,0.0691555442909062
287,0.4345850999394307,0.11841311012665019,0.1391158104989212,0.13780215754963257,0.12820718964267033,0.11667401150622024,0.09839671957271161,0.0690021377031921
288,0.436099333737129,0.11819658677986543,0.13881943094547677,0.1375083313716034,0.12796758277703843,0.11648365291078414,0.09826991427697397,0.0689472182929891
289,0.4376135675348274,0.11814815552011333,0.13872017144775045,0.13740973702854822,0.12790999342934628,0.11645919435883072,0.09828329744519285,0.06899086707145238
290,0.43912780133252577,0.1182678786028601,0.13881816855425527,0.13750651150976292,0.12803449499378766,0.11660065332324016,0.09843682610348825,0.06913300732798713
291,0.4406420351302241,0.11855557474305117,0.13911326925774867,0.13779850351507292,0.12834089880674893,0.11690782434370796,0.09873028413082578,0.0693734327588722
292,0.4421562689279225,0.11901081152682075,0.13960502966577043,0.13828527398345813,0.12882874473994144,0.11738024400557111,0.0991632270005835,0.06971178259368316
293,0.44367050272562086,0.1196329115198067,0.14029271710776373,0.13896609740543622,0.12949730685375277,0.11801721096686396,0.0997350136815148,0.07014755666857363
294,0.4451847365233192,0.12042095005160666,0.14117530909799347,0.13983996133652804,0.13034559171061816,0.11881777930657364,0.10044479588029587,0.07068010982448983
295,0.4466989703210176,0.12137375611785847,0.14225149440756263,0.1409055672600816,0.13137234004762266,0.11978076083292005,0.10129152001423827,0.07130865301561291
296,0.4482132041187159,0.12248991563062753,0.1435196763966817,0.1421613331857455,0.13257602916006708,0.12090472742840848,0.1022739316195797,0.07203225710767962
297,0.4497274379164143,0.12376778396520402,0.14497798687885222,0.14360541021062834,0.13395488468890066,0.12218802187164478,0.10339058182581802,0.07284985698506205
298,0.45124167171411267,0.1252055193666334,0.14662432196315955,0.14523571882536235,0.1355069142770115,0.12362878998810053,0.10463985869276513,0.07376027606242422
299,0.452755905511811,0.12680097140562197,0.1484562236450953,0.14704982065601507,0.13722980351268177,0.1252248830463683,0.10601989840730444,0.07476215741607455
300,0.4542701393095094,0.1285517593722895,0.1504709623292514,0.14904500625033143,0.139120990647835,0.12697392925059364,0.10752865140706308,0.07585401626309504
301,0.45578437310720776,0.13045533007400414,0.15266559843111321,0.15121835839049397,0.14117772515978602,0.12887339018422536,0.10916393464979579,0.07703428190549062
302,0.4572986069049061,0.1325089211099816,0.155036944966352,0.15356676880335757,0.14339696356224743,0.13092043006130882,0.11092328314486757,0.07830115801242148
303,0.4588128407026045,0.13470996530195672,0.1575820210603206,0.1560872148283285,0.14577601197242435,0.13311261480416142,0.11280466517997381,0.07965325081622313
304,0.46032707450030286,0.13705495072647084,0.16029676832892842,0.15877572347553426,0.1483110264488091,0.13544637408334384,0.11480498021857197,0.08108829115171262
305,0.4618413082980012,0.1395404003927211,0.16317719122271424,0.1616282995499477,0.15099829885544638,0.1379183026647778,0.11692131556059492,0.0826041948881517
306,0.46335554209569957,0.14216250888258428,0.16621888583329594,0.16464061131317348,0.15383368226202968,0.14052456049813056,0.11915035584660046,0.08419856670582168
307,0.46486977589339795,0.14491719993457422,0.16941714272440897,0.16780797557331492,0.1568127959559926,0.1432611219231404,0.12148865730541902,0.08586894367856168
308,0.4663840096910963,0.14780008651648216,0.1727668851757749,0.17112537788008775,0.15993088333229152,0.14612359965192703,0.12393245075099943,0.08761261645487627
309,0.46789824348879466,0.15080849560366014,0.1762649101647557,0.17458964090899112,0.16318502730048373,0.14910938213240893,0.1264796109446043,0.08942821046544225
310,0.46941247728649305,0.1539368891536263,0.17990486324197058,0.17819446861971286,0.16656927209778463,0.15221295421644948,0.12912535167238676,0.09131220815291788
311,0.4709267110841914,0.15718090959681374,0.18368166404792843,0.18193482963470048,0.170078899057759,0.15542999554953957,0.13186600406645763,0.09326202386053142
312,0.47244094488188976,0.16053580257317018,0.18758978181212616,0.1858052454901022,0.17370876711961963,0.15875579244606045,0.13469755244524825,0.09527480689140555
313,0.47395517867958814,0.16399664255589144,0.19162348362901543,0.18980003744817442,0.1774535499138372,0.16218546334267248,0.13761584043051298,0.0973476088202048
314,0.47546941247728647,0.16755834501648662,0.19577684816984453,0.19391334006950117,0.18130774875074404,0.16571397100889618,0.14061658181245348,0.09947739138623374
315,0.47698364627498485,0.1712156746132576,0.20004377504205267,0.1981391105161952,0.1852657013296396,0.16933613040590995,0.143695367107347,0.10166103231750125
316,0.47849788007268323,0.17496325451259956,0.20441799645818673,0.2024711374100873,0.18932159226663167,0.17304661857325487,0.14684767246020725,0.10389532981024839
317,0.48001211387038156,0.1787955777762229,0.20889308801290984,0.20690306204706616,0.19346946417982339,0.17683998450001787,0.1500688666971034,0.10617700850308812
318,0.48152634766807995,0.1827070125238027,0.21346247724267525,0.21142837204036227,0.1977032242971578,0.18071065552162302,0.15335421871889793,0.108502724873766
319,0.48304058146577833,0.18669181297798526,0.2181194573536081,0.21604042399402215,0.20201665107560968,0.1846529457426369,0.15669890576172163,0.11086907256044325
320,0.48455481526347666,0.19074413192263123,0.22285719642861673,0.22073244919130341,0.2064034304681288,0.1886610780837144,0.1600980215528502,0.11327258769069576
321,0.48606904906117504,0.19485801605704342,0.22766873941199067,0.2254975595652924,0.21085711235856355,0.19272916194244627,0.16354657519026827,0.1157097489288618
322,0.4875832828588734,0.19902742884726085,0.23254702923754778,0.2303287644189874,0.21537116619718863,0.19685123099040475,0.16703950912614046,0.11817698949750782
323,0.48909751665657175,0.20324625290119122,0.2374849126608199,0.23521897821929943,0.21993897184324995,0.20102123989655152,0.17057170098174296,0.12067069784199999
324,0.49061175045427013,0.20750830262820372,0.2424751521570111,0.24016103232262298,0.2245538337734032,0.20523307597138707,0.17413797461868424,0.12318722710852721
325,0.4921259842519685,0.21180733062338578,0.24751043675832932,0.24514768469771753,0.22920899108612716,0.20948056803258056,0.1777331051946953,0.12572289728928654
326,0.49364021804966685,0.2161370462453203,0.25258340046901095,0.25017163961501127,0.23389763337252867,0.21375750240751962,0.18135183506116834,0.12827400712368822
327,0.49515445184736523,0.22049110927532664,0.2576866163462648,0.2552255411032792,0.23861289677518738,0.21805761779777208,0.18498886750025495,0.1308368289095884
328,0.4966686856450636,0.22486315196347914,0.2628126245151461,0.2603020000806332,0.24334788767733903,0.2223746270863225,0.18863888550376914,0.13340762170297332
329,0.49818291944276194,0.2292467823183037,0.26795393205590545,0.26539359507733085,0.2480956853078596,0.22670222046854427,0.19229655517116717,0.13598263417447715
330,0.4996971532404603,0.23363559394291636,0.2731030282837643,0.27049288662720056,0.2528493545624825,0.23103407758377376,0.19595653643636896,0.1385581119259735
331,0.5012113870381587,0.23802319073670644,0.27825240613639945,0.2755924422674721,0.25760196141461716,0.23536387755510216,0.19961348787111352,0.14113030059868809
332,0.502725620835857,0.24240315673484808,0.2833945388684423,0.28068480295825116,0.26234656650786337,0.23968530183952239,0.20326207593822251,0.1436954527467378
333,0.5042398546335555,0.2467691154301275,0.28852193968130085,0.2857625577967553,0.2670762567392967,0.2439920524187152,0.20689698322319663,0.14624983317329293
334,0.5057540884312538,0.2511147062244893,0.29362713885211583,0.2908183074333451,0.27178414411765484,0.2482778581097952,0.21051291790168541,0.14878972556967415
335,0.5072683222289521,0.2554336045666144,0.29870270557324874,0.295844693083445,0.27646337648083485,0.25253648156647235,0.2141046184290554,0.1513114360717543
336,0.5087825560266506,0.2597195297353336,0.30374125760651394,0.30083440396394473,0.2811071487827363,0.25676173007900854,0.2176668627828277,0.1538112994990024
337,0.5102967898243489,0.2639662542082437,0.30873547224316056,0.3057801884103186,0.28570871290400507,0.26094746444375866,0.22119447592878122,0.15628568460069558
338,0.5118110236220472,0.2681676126991101,0.313678096950619,0.3106748644289176,0.290261387451043,0.26508760786648783,0.22468233730536397,0.15873099920426126
339,0.5133252574197457,0.27231751117636066,0.3185619599582893,0.31551133017283245,0.2947585675170416,0.2691761548487616,0.22812538832632417,0.1611436956775613
340,0.514839491217444,0.2764099388960094,0.3233799810313934,0.32028257560696166,0.29919373433323637,0.27320717991784355,0.2315186396883941,0.16352027586516085
341,0.5163537250151423,0.2804389627188577,0.32812518008478536,0.32498168683406564,0.30356046423720434,0.27717484588745117,0.23485717838800152,0.16585729607962657
342,0.5178679588128408,0.2843987611842737,0.33279068979216475,0.3296018656869099,0.3078524385700649,0.28107341267413455,0.2381361750528921,0.1681513722113634
343,0.5193821926105391,0.2882836093753518,0.33736976326047075,0.3341364311901537,0.31206345216706294,0.2848972451462751,0.2413508906053261,0.1703991844272867
344,0.5208964264082374,0.2920878987826957,0.3418557846428441,0.33857883295118835,0.316187422418207,0.2886408212704631,0.2444966830721525,0.17259748194807492
345,0.5224106602059359,0.2958061421249197,0.3462422782338316,0.3429226594260763,0.32021839780644024,0.2922987398739464,0.24756901411647286,0.17474308764679625
346,0.5239248940036342,0.29943298138553215,0.3505229176227307,0.3471616470361177,0.32415056632338307,0.29586572828374746,0.25056345545825937,0.1768329025772658
347,0.5254391278013325,0.30296319525096005,0.35469153449563307,0.35128968898265045,0.32797826341258207,0.29933664948096844,0.2534756948510668,0.17886391017343273
348,0.526953361599031,0.30639170650479863,0.3587421274241996,0.35530084373067283,0.3316959802795972,0.3027065097062027,0.2563015425200315,0.1808331808290986
349,0.5284675953967293,0.3097135888393808,0.3626688699496954,0.35918934323178586,0.3352983710083757,0.3059704648022209,0.25903693640985803,0.18273787557627305
350,0.5299818291944276,0.3129240737438881,0.36646611879651914,0.36294960078742544,0.33878026040259884,0.30912382745105055,0.2616779483661557,0.18457525050986962
351,0.531496062992126,0.31601855691732345,0.37012842139999746,0.366576218982022,0.3421366503342199,0.3121620726115286,0.26422078843631297,0.18634265974692235
352,0.5330102967898244,0.3189926045802439,0.3736505235915513,0.3700639965794346,0.34536272751008834,0.3150808449470466,0.26666181144217194,0.18803756024298757
353,0.5345245305875227,0.3218419594045402,0.37702737656407115,0.3734079359453374,0.34845386929441596,0.31787596379328925,0.268997520887047,0.18965751440638245
354,0.536038764385221,0.3245625461838415,0.3802541436837682,0.3766032495510116,0.3514056501265918,0.32054342904937694,0.2712245739714578,0.1912001938063455
355,0.5375529981829195,0.32715047726228363,0.3833262069782859,0.37964536643770685,0.3542138474149975,0.3230794264776848,0.2733397860068296,0.19266338224659713
356,0.5390672319806178,0.3296020576775423,0.38623917330316626,0.382529938289232,0.35687444716998695,0.32548033278462657,0.2753401346668013,0.1940449788230615
357,0.5405814657783161,0.3319137857488202,0.3889888795822092,0.3852528433560946,0.35938364905723186,0.32774272017344236,0.27722276377303,0.19534300061819285
358,0.5420956995760146,0.33408237632480486,0.3915714004127001,0.38781019935302935,0.36173787209234337,0.32986336139757527,0.2789849875073399,0.19655558572571585
359,0.5436099333737129,0.3361047318045947,0.39398304990965605,0.39019835599135855,0.36393375848972254,0.33183923343064664,0.2806242935580925,0.1976809955164356
360,0.5451241671714112,0.3379779766138921,0.39622038915066427,0.3924139105402187,0.365968178388254,0.33366752141382283,0.2821383462269598,0.198717616819688
361,0.5466384009691097,0.33969944556486315,0.3982802293922888,0.3944537069756312,0.3678382338984264,0.335345622504394,0.2835249897744292,0.1996639643586008
362,0.548152634766808,0.3412666913797323,0.40015963656925296,0.39631484154756225,0.36954126277589294,0.33687114907021554,0.28478225100375487,0.20051868258629976
363,0.5496668685645063,0.3426774872548214,0.40185593493991306,0.3979946661603619,0.3710748418341246,0.3382419317700739,0.2859083418291176,0.20128054752752222
364,0.5511811023622047,0.3439298297172566,0.40336671054737694,0.39949079184412783,0.37243679002006835,0.339456022284349,0.28690166152071334,0.20194846837507796
365,0.5526953361599031,0.3450219411443706,0.404689814300253,0.4008010917815301,0.3736251711927068,0.3405116957886016,0.2877607987388,0.20252148896338606
366,0.5542095699576014,0.3459522722919705,0.40582336526320384,0.4019237046274626,0.3746382967977833,0.34140745317257853,0.28848453320959566,0.20299878880097957
367,0.5557238037552998,0.3467195024188533,0.4067657500010028,0.40285703313124505,0.3754747269710751,0.3421420228798414,0.28907183801634606,0.2033796853647608
368,0.5572380375529982,0.34732254493913295,0.40751563101273625,0.40359975452073005,0.37613327411688247,0.34271436213877243,0.28952187884126646,0.20366363203269477
369,0.5587522713506965,0.34776054386597427,0.4080719410094282,0.4041508123381776,0.37661300217239657,0.34312365843094617,0.2898340171118157,0.2038502223596098
370,0.5602665051483949,0.34803287880817446,0.4084338898966029,0.404509423580629,0.3769132316495414,0.3433693330706971,0.29000781197244185,0.2039391898795564
371,0.5617807389460933,0.3481391624648181,0.4086009607881056,0.4046750779249016,0.3770335334148895,0.34345103519547787,0.29004301518324105,0.20393040504650645
372,0.5632949727437916,0.34807924655424033,0.40857292053007455,0.4046475441944297,0.3769737390893078,0.34336865012379125,0.2899395768267409,0.20382387803966479
373,0.56480920654149,0.3478532117478984,0.4083497994953277,0.40442685182039795,0.3767339302214516,0.34312229528941585,0.2896976474103578,0.20361976468993065
374,0.5663234403391884,0.3474613811187415,0.4079319209532143,0.40401332162574427,0.3763144478053771,0.34271231783376177,0.2893175655743887,0.20331834968716334
375,0.5678376741368867,0.3469297361693883,0.4073198747527714,0.4034075345610209,0.3757158899162477,0.3421393050666397,0.28879987815438113,0.2030224983613022
376,0.5693519079345851,0.34618278349140114,0.4065145266014857,0.4026103504172217,0.37493909944304266,0.3414040621471619,0.28814531191612514,0.20242548466408944
377,0.5708661417322834,0.34529783309612744,0.4055170223074827,0.4016229019550251,0.3739851837049048,0.34050763870843587,0.2873548032377266,0.20183530753732176
378,0.5723803755299818,0.34425069867876645,0.40432877491089037,0.4004465856896186,0.37285549268363233,0.3394513024975587,0.2864294702672687,0.20115037684767256
379,0.5738946093276802,0.34304287658813964,0.40295147337169945,0.3990830737499266,0.37155163369889077,0.33823655703834904,0.2853706313991009,0.20037167410579804
380,0.5754088431253785,0.3417010100582655,0.40138707373247295,0.3975343014738545,0.3700754575148376,0.3368651261985613,0.28417979014297845,0.19960143221053572
381,0.5769230769230769,0.34017702185936816,0.399637799601091,0.39580246911880734,0.36842906228273126,0.33533895910633965,0.2828586401210569,0.19863825232588095
382,0.5784373107207753,0.33849814316836013,0.3977061383094945,0.39389003722562116,0.3666147893845249,0.3336602262375184,0.2814090616912224,0.19758499082261693
383,0.5799515445184736,0.3366423235507247,0.39559483877213875,0.39179972815105574,0.3646352185756558,0.33183131342247385,0.27983311558295504,0.19634337997508428
384,0.581465778316172,0.33466123634088096,0.39330690609627694,0.38953451316702714,0.36249316891408034,0.3298548256414072,0.27813304848067744,0.1951151435129322
385,0.5829800121138704,0.33255707860715206,0.3908455633288307,0.3870975781607726,0.3601916627051724,0.32773355333597626,0.2763112635765411,0.19390041056979526
386,0.5844942459115687,0.33028418530684595,0.38821383789717845,0.38449191905361013,0.3577335413301766,0.32547011828897476,0.27437001077749845,0.19250287447513043
387,0.5860084797092671,0.3278701298343706,0.385415592834132,0.3817213585770925,0.3551224088178748,0.3230678387447089,0.2723121416156905,0.19102384140722284
388,0.5875227135069655,0.32531839760857184,0.38245486923299277,0.3787898965492786,0.3523620367517785,0.32053018630725433,0.2701406361075872,0.1894654712604379
389,0.5890369473046638,0.3226326002498831,0.37933586237292016,0.3757016849726362,0.3494563355949892,0.3178607553949123,0.26785857159027304,0.18782998323755873
390,0.5905511811023622,0.319793487733379,0.3760626841170698,0.3724608029435735,0.3464091129039045,0.31506302706530975,0.26546890361058173,0.18602437792697912
391,0.5920654149000606,0.31687459600094825,0.37264133960992774,0.36907319375672665,0.34322599744069215,0.31214221198810754,0.2629761539978696,0.18433730497142903
392,0.5935796486977589,0.3137891975312285,0.3690762608111286,0.36554323740156597,0.3399111016420424,0.30910206484326036,0.26038349452810894,0.18239227470238123
393,0.5950938824954572,0.31060902034567417,0.36537244295005833,0.36187587889641093,0.3364690577597766,0.3059468216627736,0.2576945222171349,0.18047467026678216
394,0.5966081162931557,0.3073162276168615,0.3615353049891967,0.35807648003180204,0.33290490144198875,0.30268109902119844,0.25491317512544537,0.1784930400403749
395,0.598122350090854,0.30393675658919306,0.35757032460349936,0.35415046365570924,0.32922371760573854,0.29930955228540246,0.25204341517951434,0.17654081668359997
396,0.5996365838885523,0.30041175924962654,0.3534832018423089,0.35010347031197847,0.32543079636051336,0.29583702495566344,0.2490893653763344,0.1743491349291822
397,0.6011508176862508,0.296830567758543,0.3492798042699031,0.3459413085590249,0.32153158203365806,0.29226850063082943,0.24605526626989327,0.17228140302132627
398,0.6026650514839491,0.2931153955061584,0.34496618638346066,0.3416699755913632,0.3175316855658546,0.2886091119734816,0.24294548177583575,0.16998441283942273
399,0.6041792852816474,0.28933331012203906,0.3405485850382357,0.33729564361822006,0.31343689306855516,0.28486415429608625,0.23976451608527855,0.16772709121162682
400,0.6056935190793459,0.28546913788678796,0.3360333169955532,0.33282456418697043,0.30925305954848914,0.28103898091878565,0.2365169153334783,0.16542409801027214
401,0.6072077528770442,0.2815284385446306,0.33142688195249115,0.32826317326452664,0.3049862058821983,0.2771390957404111,0.23320735308631296,0.16307875529283217
402,0.6087219866747425,0.27751694073914124,0.3267359758378391,0.323618098907382,0.30064253758841764,0.2731701730809387,0.229840649710582,0.16069449125467955
403,0.610236220472441,0.2734404553647596,0.3219673953948154,0.3188960707685993,0.29622834813841104,0.2691379635009884,0.2264216845813785,0.15827476846187183
404,0.6117504542701393,0.269304850592993,0.3171280087241757,0.3141038914033175,0.291749991428967,0.2650482685737063,0.2229553746681195,0.15582306897241527
405,0.6132646880678376,0.26511612137942275,0.31222483684662977,0.30924851131418124,0.287213965136211,0.26090702249430187,0.219446751378296,0.15334295803120218
406,0.6147789218655361,0.2608803807400761,0.3072650229567607,0.3043370033031115,0.2826268816605815,0.25672026442668033,0.2159009347209449,0.1508380622530331
407,0.6162931556632344,0.2566037365252693,0.3022557316470264,0.2993764613130028,0.27799536518489587,0.2524940395938669,0.21232304379913913,0.14831199931330616
408,0.6178073894609327,0.25230901447541154,0.29720420993407914,0.2943740601534382,0.2733261149042472,0.2482344584196139,0.2087182485980325,0.145844095620913
409,0.6193216232586312,0.24796887001867793,0.2921178297898271,0.2893371006634948,0.2686259484625218,0.24394774404104674,0.20509182069494486,0.14328545382591934
410,0.6208358570563295,0.2436066393896784,0.2870040140609575,0.284272932131509,0.2639017260493168,0.23964015365848604,0.2014490544870045,0.14071674812513507
411,0.6223500908540278,0.23922868475221168,0.2818702195449907,0.2791889385260631,0.25916033805837146,0.2353179710147659,0.19779526486978888,0.13814172714231063
412,0.6238643246517263,0.23484138388987982,0.2767239248780592,0.27409252664930295,0.2544086907612781,0.23098749136687585,0.19413577278452268,0.1355641390868447
413,0.6253785584494246,0.23045112665532963,0.27157262496280865,0.268991120653424,0.24965370200829498,0.22665501801096377,0.1904759028646869,0.1329877310098992
414,0.6268927922471229,0.22606434885092552,0.2664238633625132,0.26389219240378925,0.24490233690494487,0.22232689905395428,0.18682101984702368,0.13041628020448567
415,0.6284070260448213,0.22168763791546467,0.2612853869195508,0.2588033401509539,0.24016182520981336,0.21800975840831244,0.18317675891144453,0.12785379341245415
416,0.6299212598425197,0.2173268659762268,0.25616406738613173,0.2537315704936431,0.2354382802540405,0.2137090533466428,0.17954760141753984,0.12530328285056597
417,0.631435493640218,0.21298897066812666,0.25106805858206294,0.24868475725920836,0.23073945592094874,0.20943196048550355,0.17593973748621314,0.12276924166009956
418,0.6329497274379164,0.20868002874746566,0.24600449687185555,0.24367005652859552,0.22607182998230194,0.20518432412583587,0.17235803475124398,0.12025501564380761
419,0.6344639612356148,0.20440640094948198,0.24098085308475872,0.23869485359144565,0.22144230707741014,0.20097243724556332,0.16880781003574855,0.11776434430406177
420,0.6359781950333131,0.20017435115901058,0.23600448687216055,0.2337664380321886,0.21685767052024055,0.1968024721111137,0.1652942659415239,0.1153008724301889
421,0.6374924288310115,0.19599016836134414,0.23108277935743388,0.2288921842555573,0.2123246509425295,0.19268052081223194,0.16182250570505746,0.11286814455427523
422,0.6390066626287099,0.19185973110424867,0.22622267330409793,0.2240787919425589,0.20784983948984506,0.18861266274406957,0.15839773216036757,0.11046987687943913
423,0.6405208964264082,0.1877893853148755,0.2214315962657738,0.21933379840264267,0.20343987866584007,0.18460485163145007,0.1550248746009564,0.10810943995664729
424,0.6420351302241066,0.1837849628308148,0.21671642644792877,0.2146639372000089,0.199101186835395,0.18066295833947427,0.15170890873025122,0.10579033996081363
425,0.643549364021805,0.17985236675449812,0.21208410755283413,0.21007609963764332,0.1948401402236982,0.1767927708999598,0.14845469758221208,0.10351596634558273
426,0.6450635978195033,0.17599737070699584,0.20754143637480715,0.20557701868902398,0.19066299170757597,0.17299996947441218,0.14526701688249227,0.10128964985585551
427,0.6465778316172017,0.17222563486055462,0.20309507861203985,0.20117329773460063,0.1865758712733946,0.16929012076327593,0.14215054469746,0.09911465052129284
428,0.6480920654149,0.16854269855339796,0.19875156017321988,0.19687140150951118,0.1825847785429911,0.16566867150808987,0.13910985626988567,0.09699415432578222
429,0.6496062992125984,0.16495397080002694,0.1945172560641635,0.19267764537645105,0.17869557217801638,0.16214093866188617,0.13614941553392096,0.09493126712123445
430,0.6511205330102968,0.16146472277799687,0.1903983815047221,0.18859818646714563,0.17491396179831503,0.15871210209800996,0.13327356907578253,0.09292901057408173
431,0.6526347668079951,0.15807055646600118,0.18640098258982413,0.18463901356956408,0.17124549965288827,0.15538719710905863,0.13048653987637918,0.09094267690878041
432,0.6541490006056935,0.15480501335946364,0.18253092779613098,0.18080594230386554,0.16769557186675538,0.15217110631203462,0.12779242041704794,0.08911802891708386
433,0.6556632344033919,0.15163525484434906,0.17879389652102312,0.17710459770631326,0.16426938930014756,0.1490685514684455,0.12519516584217374,0.08726920740269728
434,0.6571774682010902,0.148593815185331,0.17519537567926471,0.17354041607227907,0.16097198344027577,0.1460840898348073,0.12269859112731547,0.08553878320347495
435,0.6586917019987886,0.14567586539314992,0.171740646843434,0.17011862974869454,0.15780819494207782,0.14322210361143536,0.12030636194036337,0.0838826473325113
436,0.660205935796487,0.14288569171755158,0.16843478073575388,0.16684426232867805,0.1547826685176262,0.14048679540829606,0.11802199101589261,0.08230322559222983
437,0.6617201695941853,0.14023569859197355,0.16528262940816674,0.16372212080533644,0.15189984578195517,0.1378821817534986,0.11584883270398008,0.0808449994549568
438,0.6632344033918837,0.1377048724921551,0.1622888187745562,0.1607567881831624,0.14916395839348326,0.13541208687134765,0.11379007774668881,0.0793836621699639
439,0.6647486371895821,0.135321835499468,0.15945774150799769,0.15795261638288766,0.14657902159217395,0.1330801368462323,0.11184874841180481,0.07804779603817266
440,0.6662628709872804,0.13308178157755657,0.15679355201479372,0.15531372137964208,0.144148829555531,0.13088975545035436,0.11002769507346602,0.07679718952981132
441,0.6677771047849788,0.13099568142838264,0.15430015868583066,0.15284397540926925,0.14187694834238998,0.12884415772863847,0.10832959077894022,0.07567295375990368
442,0.6692913385826772,0.12905111491979235,0.1519812200558884,0.15054700236504537,0.13976671689522627,0.12694634969128157,0.10675692910033378,0.07459761622309255
443,0.6708055723803755,0.12725875586116878,0.1498401340140071,0.14842617135592903,0.13782121472405706,0.1251991051353817,0.1053120145082081,0.07361268937552856
444,0.6723198061780739,0.12562123697274827,0.1478800436180039,0.1464845879348292,0.13604331482188958,0.12360500193100296,0.10399697367809513,0.07271962259277982
445,0.6738340399757723,0.1241409646393929,0.14610382027923058,0.1447251176489226,0.13443560893603232,0.12216636361288478,0.10281372275607469,0.07191970156740682
446,0.6753482737734706,0.12282010462495055,0.14451406880027,0.14315031599631536,0.1330004675341162,0.12088531693919126,0.10176401679399275,0.07121412351310731
447,0.676862507571169,0.12166059686929398,0.14311311705369764,0.14176250676621469,0.13173998325493996,0.11976372595120487,0.1008493781363295,0.07060390176991051
448,0.6783767413688674,0.12066414035866982,0.14190301772904246,0.14056371677997084,0.13065600880630138,0.11880324187771348,0.10007115619721517,0.07008993652419129
449,0.6798909751665657,0.1198321930460818,0.14088553848357568,0.1395557006582708,0.129750127329173,0.11800526687573451,0.0994304856536618,0.06967297437414355
450,0.681405208964264,0.11916597597494044,0.14006217139822535,0.1387399387361603,0.1290236671930863,0.1173709722355136,0.0989283079234254,0.06935362656249551
451,0.6829194427619625,0.1186664605262628,0.13943411874293538,0.1381176140397909,0.12847768894956046,0.11690128427033725,0.0985653565444635,0.06913235798310488
452,0.6844336765596608,0.11833437879051177,0.13900229721538576,0.137689642659825,0.12811298911844005,0.1165968881945441,0.0983421607672636,0.06900948950340288
453,0.6859479103573591,0.11817020929242361,0.1387673314208169,0.13745664173222008,0.12793009577874362,0.11645822456058617,0.09825904309891736,0.06898519781541479
454,0.6874621441550576,0.1181741902544509,0.13872955980314436,0.13741894679641847,0.12792927279792773,0.11648549631360908,0.09831612808217569,0.06905951764800755
455,0.6889763779527559,0.1183463048535003,0.1388890282097329,0.13757660431061827,0.1281105099566279,0.11667864482145848,0.09851330866695318,0.06923232802079468
456,0.6904906117504542,0.11868629485765742,0.13924549309605538,0.1379293733830253,0.1284735348966943,0.11703738794218276,0.09885030351047028,0.06950337673947418
457,0.6920048455481527,0.11918687133650505,0.1397984202399496,0.13847672553226742,0.12901780437821753,0.117561187766293,0.09932660644305696,0.06983719897792157
458,0.693519079345851,0.11986761923642328,0.14054698659445752,0.1392178456164072,0.12974250871395573,0.11824926511835304,0.09994150916796922,0.07033842966643344
459,0.6950333131435493,0.12070719749487178,0.14149007984375964,0.14015163217974672,0.13064657191408385,0.11910059983310348,0.1006941016866144,0.07090119787551787
460,0.6965475469412478,0.12170423524479579,0.14262629911024532,0.14127669782727204,0.13172865200407108,0.12011392817082905,0.10158326644930063,0.07152406513947056
461,0.6980617807389461,0.12287098884545451,0.1439539599399422,0.14259137373806335,0.13298714519130225,0.12128774820546498,0.10260768677640864,0.07227708968775942
462,0.6995760145366444,0.1241988989084422,0.1454711193954534,0.14409373821722285,0.13442020739470587,0.12262033923497404,0.1037658605471524,0.07312375505441226
463,0.7010902483343429,0.12569316526233443,0.14717558340379894,0.1457816211197398,0.13602576427408283,0.12410977281746163,0.10505611340938989,0.07409954704780683
464,0.7026044821320412,0.1273301801607809,0.14906477863451484,0.14765246721270636,0.1378013965979788,0.1257538044210533,0.10647649965417676,0.07509293189698703
465,0.7041187159297395,0.12912887653322777,0.1511359207292945,0.14970351663218137,0.1397444898631897,0.1275500151539882,0.10802493191625873,0.0762125181452026
466,0.705632949727438,0.1310795060113139,0.15338598135264067,0.15193176810443274,0.1418522070184623,0.12949578440921272,0.10969915415948064,0.07741997578428078
467,0.7071471835251363,0.13317936127164112,0.15581183184162095,0.15433415747934973,0.1441215781049813,0.13158835582022305,0.11149678368724251,0.07871358216338453
468,0.7086614173228346,0.13542565662382683,0.158410237076071,0.15690742151050668,0.14654966261150262,0.13382506047403425,0.11341557662860444,0.08009177880281379
469,0.710175651120533,0.13781480660490925,0.1611770657729936,0.1596475106842074,0.14913254265736928,0.13620226240317798,0.11545237754678263,0.08155225407995265
470,0.7116898849182314,0.14034327951015632,0.164108250250382,0.1625503639539873,0.15186644357414247,0.13871648704825207,0.11760420802223519,0.08309287926535627
471,0.7132041187159297,0.14300715677946976,0.16719925818526632,0.16561151360116122,0.15474710617239915,0.14136380086913786,0.11986768217487136,0.08471121160865908
472,0.7147183525136281,0.14580220009643527,0.17044519319572127,0.16882609835368098,0.15776996725361941,0.14414000391279078,0.12223919945256248,0.08640466910479794
473,0.7162325863113265,0.14872468645085304,0.1738417060725728,0.17218982470949,0.16093097357656858,0.14704138290831506,0.12471561017041535,0.08817104253452741
474,0.7177468201090248,0.1517709959039072,0.177384551182641,0.17569847671605038,0.16422621226763642,0.15006437924873112,0.12729392507692114,0.09000826379466505
475,0.7192610539067232,0.1549359289655006,0.1810677399986503,0.1793461249914902,0.16765007794644188,0.15320381395550342,0.12996967053501474,0.09191307519773287
476,0.7207752877044216,0.15821503016575164,0.18488607953806113,0.18312762558759443,0.171197748314147,0.15645527158871853,0.13273909563153902,0.09388283031202518
477,0.7222895215021199,0.16160348581272965,0.18883396945901101,0.18703743114974322,0.1748640181861967,0.15981398004507744,0.13559813523594055,0.09591464344266906
478,0.7238037552998183,0.16510584811232892,0.19290561712223472,0.19106980374735,0.1786435065550283,0.16327500838139344,0.13854259175895345,0.0980533232624363
479,0.7253179890975167,0.16869816341680838,0.19709504438454986,0.19521882165404664,0.18253066279960248,0.16683327246589263,0.1415681398851941,0.10020126633151955
480,0.726832222895215,0.17237444624216838,0.20139609751301366,0.19947838919147434,0.18651977592019411,0.17048354333340693,0.14467033356525205,0.10235222669169808
481,0.7283464566929134,0.1761490392544418,0.20580245869261754,0.20384224541772186,0.19060498490768105,0.1742204569085391,0.147844614770821,0.10460164865414338
482,0.7298606904906118,0.18000663301672082,0.21030765672317578,0.20830398528870625,0.19478028975499226,0.1780385238041034,0.15108632047218074,0.10689741663556214
483,0.7313749242883101,0.18394155790184294,0.2149050751022336,0.2128570532934395,0.19903955126699072,0.18193213215757612,0.15439068971609515,0.10923616677500143
484,0.7328891580860085,0.18794803899652157,0.2195879690460885,0.2174947667050333,0.203376533795654,0.18589557554513214,0.15775287431299329,0.11161447494034171
485,0.7344033918837068,0.19202019142009272,0.2243494651855609,0.22221031801587832,0.20778486209452066,0.18992303035584818,0.16116793921447262,0.11402885811630817
486,0.7359176256814052,0.19615203656943364,0.22918257642843562,0.22699678603081813,0.21225806855607723,0.1940085868101527,0.1646308728891413,0.11647578041999551
487,0.7374318594791036,0.20033751162610633,0.2340802143539668,0.2318471494483508,0.2167895918628381,0.19814625155990204,0.16813659664045633,0.1189516609162644
488,0.7389460932768019,0.20457047634460263,0.23903519808636506,0.23675429532562423,0.22137278729681206,0.20232995728494982,0.17167996991955936,0.12145287569154527
489,0.7404603270745003,0.20884472565759155,0.2440402663866969,0.24171103155263296,0.22600093807312535,0.20655357245002873,0.17525580128646068,0.12397576763320771
490,0.7419745608721987,0.2131539976834957,0.24908809066137227,0.24671009852481438,0.230667267481015,0.21081091203564412,0.17885885487312075,0.12651664945817867
491,0.743488794669897,0.21749198377742504,0.2541712819754675,0.25174417837612484,0.2353649452051071,0.215095744652202,0.18248385856645521,0.12907181031332088
492,0.7450030284675954,0.22185233581864222,0.25928240479633496,0.2568059058016227,0.24008709916798082,0.2194018020723094,0.1861255103801767,0.1316375187922109
493,0.7465172622652938,0.22622867707411165,0.2644139867473768,0.2618878800192247,0.24482682536555486,0.22372278818732713,0.18977848628569247,0.1342100297110408
494,0.7480314960629921,0.23061461100298028,0.26955852876445463,0.2669826732889857,0.2495771978290062,0.2280523891458558,0.1934374498268241,0.13678559025331927
