step,time,min_sigma_ratio,max_gamma_over_sigma2,max_dtZ
0,0.00000000,nan,0.000000e+00,-
1,0.00030864,nan,0.000000e+00,-
2,0.00061728,1.000000e+00,5.655739e+00,-
3,0.00092593,1.000000e+00,5.644378e+00,-
4,0.00123457,9.994313e-01,5.638553e+00,-
5,0.00154321,9.983288e-01,6.170882e+00,-
6,0.00185185,9.970479e-01,6.565534e+00,-
7,0.00216049,9.954049e-01,6.764175e+00,-
8,0.00246914,9.936254e-01,6.864914e+00,-
9,0.00277778,9.924717e-01,6.898126e+00,-
10,0.00308642,9.908798e-01,6.899797e+00,-
11,0.00339506,9.889535e-01,6.904834e+00,-
12,0.00370370,9.880222e-01,6.889028e+00,-
13,0.00401235,9.867790e-01,6.869300e+00,-
14,0.00432099,9.851649e-01,6.874667e+00,-
15,0.00462963,9.836895e-01,6.887064e+00,-
16,0.00493827,9.827836e-01,6.910035e+00,-
17,0.00524691,9.817787e-01,6.939019e+00,-
18,0.00555556,9.813573e-01,6.974220e+00,-
19,0.00586420,9.810122e-01,7.026777e+00,-
20,0.00617284,9.798059e-01,7.072864e+00,-
21,0.00648148,9.757152e-01,7.109374e+00,-
22,0.00679012,9.714368e-01,7.164552e+00,-
23,0.00709877,9.672521e-01,7.221948e+00,-
24,0.00740741,9.633342e-01,7.268489e+00,-
25,0.00771605,9.598164e-01,7.304127e+00,-
26,0.00802469,9.559764e-01,7.370610e+00,-
27,0.00833333,9.522998e-01,7.427588e+00,-
28,0.00864198,9.491180e-01,7.474090e+00,-
29,0.00895062,9.465143e-01,7.509122e+00,-
30,0.00925926,9.444877e-01,7.524805e+00,-
31,0.00956790,9.419768e-01,7.571066e+00,-
32,0.00987654,9.398493e-01,7.908688e+00,-
33,0.01018519,9.383075e-01,7.875698e+00,-
34,0.01049383,9.373923e-01,7.815311e+00,-
35,0.01080247,9.365988e-01,7.718762e+00,-
36,0.01111111,9.356847e-01,7.696938e+00,-
37,0.01141975,9.353258e-01,7.692440e+00,-
38,0.01172840,9.354640e-01,7.700178e+00,-
39,0.01203704,9.356658e-01,7.719878e+00,-
40,0.01234568,9.357452e-01,7.741550e+00,-
41,0.01265432,9.361453e-01,7.763617e+00,-
42,0.01296296,9.368573e-01,7.786096e+00,-
43,0.01327160,9.375198e-01,7.808810e+00,-
44,0.01358025,9.380273e-01,7.831583e+00,-
45,0.01388889,9.386185e-01,7.853255e+00,-
46,0.01419753,9.356617e-01,7.872809e+00,-
47,0.01450617,9.330351e-01,7.889265e+00,-
48,0.01481481,9.308577e-01,7.900399e+00,-
49,0.01512346,9.286255e-01,7.906193e+00,-
50,0.01543210,9.244335e-01,7.906455e+00,-
51,0.01574074,9.206484e-01,7.900558e+00,-
52,0.01604938,9.168072e-01,7.889287e+00,-
53,0.01635802,9.132994e-01,7.873533e+00,-
54,0.01666667,9.102237e-01,7.855498e+00,-
55,0.01697531,9.075093e-01,7.836930e+00,-
56,0.01728395,9.050544e-01,7.819965e+00,-
57,0.01759259,9.028662e-01,7.805548e+00,-
58,0.01790123,9.008608e-01,7.794523e+00,-
59,0.01820988,8.990387e-01,7.786851e+00,-
60,0.01851852,8.965073e-01,7.782887e+00,-
61,0.01882716,8.922274e-01,7.781838e+00,-
62,0.01913580,8.879115e-01,7.783505e+00,-
63,0.01944444,8.835715e-01,7.787398e+00,-
64,0.01975309,8.792148e-01,7.793134e+00,-
65,0.02006173,8.748488e-01,7.800290e+00,-
66,0.02037037,8.704831e-01,7.808861e+00,-
67,0.02067901,8.661259e-01,7.818804e+00,-
68,0.02098765,8.617846e-01,7.830040e+00,-
69,0.02129630,8.574662e-01,7.843003e+00,-
70,0.02160494,8.531805e-01,7.857907e+00,-
71,0.02191358,8.489333e-01,7.874439e+00,-
72,0.02222222,8.447260e-01,7.893215e+00,-
73,0.02253086,8.405546e-01,7.913553e+00,-
74,0.02283951,8.364158e-01,7.935503e+00,-
75,0.02314815,8.323073e-01,7.958761e+00,-
76,0.02345679,8.282378e-01,7.983026e+00,-
77,0.02376543,8.242152e-01,8.008162e+00,-
78,0.02407407,8.202477e-01,8.033598e+00,-
79,0.02438272,8.163441e-01,8.059317e+00,-
80,0.02469136,8.125108e-01,8.085170e+00,-
81,0.02500000,8.087499e-01,8.110885e+00,-
82,0.02530864,8.050643e-01,8.136442e+00,-
83,0.02561728,8.014581e-01,8.162428e+00,-
84,0.02592593,7.979289e-01,8.189219e+00,-
85,0.02623457,7.944785e-01,8.218146e+00,-
86,0.02654321,7.911079e-01,8.245978e+00,-
87,0.02685185,7.878154e-01,8.266916e+00,-
88,0.02716049,7.846035e-01,8.282611e+00,-
89,0.02746914,7.814683e-01,8.296164e+00,-
90,0.02777778,7.784085e-01,8.311244e+00,-
91,0.02808642,7.754174e-01,8.331800e+00,-
92,0.02839506,7.724890e-01,8.360990e+00,-
93,0.02870370,7.696157e-01,8.401266e+00,-
94,0.02901235,7.667914e-01,8.453221e+00,-
95,0.02932099,7.640109e-01,8.572371e+00,-
96,0.02962963,7.612688e-01,8.703063e+00,-
97,0.02993827,7.585648e-01,8.826474e+00,-
98,0.03024691,7.558964e-01,8.943093e+00,-
99,0.03055556,7.532627e-01,9.046818e+00,-
100,0.03086420,7.506593e-01,9.134556e+00,-
101,0.03117284,7.480828e-01,9.207060e+00,-
102,0.03148148,7.455325e-01,9.260935e+00,-
103,0.03179012,7.430051e-01,9.305281e+00,-
104,0.03209877,7.405011e-01,9.362020e+00,-
105,0.03240741,7.380179e-01,9.451747e+00,-
106,0.03271605,7.355546e-01,9.533606e+00,-
107,0.03302469,7.331129e-01,9.605942e+00,-
108,0.03333333,7.306896e-01,9.671441e+00,-
109,0.03364198,7.282768e-01,9.730377e+00,-
110,0.03395062,7.258829e-01,9.785614e+00,-
111,0.03425926,7.235073e-01,9.840859e+00,-
112,0.03456790,7.211486e-01,9.900070e+00,-
113,0.03487654,7.188075e-01,9.965516e+00,-
114,0.03518519,7.164833e-01,1.004050e+01,-
115,0.03549383,7.141769e-01,1.012571e+01,-
116,0.03580247,7.118887e-01,1.022073e+01,-
117,0.03611111,7.096218e-01,1.032466e+01,-
118,0.03641975,7.073782e-01,1.043497e+01,-
119,0.03672840,7.051609e-01,1.054893e+01,-
120,0.03703704,7.029705e-01,1.066190e+01,-
121,0.03734568,7.008072e-01,1.077103e+01,-
122,0.03765432,6.986733e-01,1.087336e+01,-
123,0.03796296,6.965687e-01,1.096676e+01,-
124,0.03827160,6.944944e-01,1.105106e+01,-
125,0.03858025,6.924518e-01,1.112770e+01,-
126,0.03888889,6.904401e-01,1.119898e+01,-
127,0.03919753,6.884602e-01,1.126792e+01,-
128,0.03950617,6.865152e-01,1.133678e+01,-
129,0.03981481,6.845987e-01,1.140876e+01,-
130,0.04012346,6.827088e-01,1.148495e+01,-
131,0.04043210,6.808433e-01,1.156485e+01,-
132,0.04074074,6.790014e-01,1.164843e+01,-
133,0.04104938,6.771800e-01,1.173738e+01,-
134,0.04135802,6.753783e-01,1.181502e+01,-
135,0.04166667,6.735954e-01,1.187059e+01,-
136,0.04197531,6.718305e-01,1.190448e+01,-
137,0.04228395,6.700842e-01,1.191646e+01,-
138,0.04259259,6.683560e-01,1.190699e+01,-
139,0.04290123,6.666454e-01,1.187754e+01,-
140,0.04320988,6.649528e-01,1.182896e+01,-
141,0.04351852,6.632771e-01,1.176312e+01,-
142,0.04382716,6.616182e-01,1.168189e+01,-
143,0.04413580,6.599737e-01,1.158758e+01,-
144,0.04444444,6.583451e-01,1.148223e+01,-
145,0.04475309,6.567316e-01,1.136818e+01,-
146,0.04506173,6.551345e-01,1.124773e+01,-
147,0.04537037,6.535524e-01,1.112250e+01,-
148,0.04567901,6.519894e-01,1.099487e+01,-
149,0.04598765,6.504461e-01,1.086676e+01,-
150,0.04629630,6.489216e-01,1.074099e+01,-
151,0.04660494,6.474183e-01,1.072406e+01,-
152,0.04691358,6.459380e-01,1.083063e+01,-
153,0.04722222,6.444826e-01,1.094999e+01,-
154,0.04753086,6.430533e-01,1.108161e+01,-
155,0.04783951,6.416503e-01,1.122266e+01,-
156,0.04814815,6.402767e-01,1.137039e+01,-
157,0.04845679,6.389348e-01,1.152245e+01,-
158,0.04876543,6.376271e-01,1.167826e+01,-
159,0.04907407,6.363575e-01,1.183623e+01,-
160,0.04938272,6.351263e-01,1.199611e+01,-
161,0.04969136,6.339372e-01,1.215733e+01,-
162,0.05000000,6.327924e-01,1.231964e+01,-
163,0.05030864,6.316965e-01,1.248193e+01,-
164,0.05061728,6.306520e-01,1.264443e+01,-
165,0.05092593,6.296629e-01,1.280699e+01,-
166,0.05123457,6.287321e-01,1.296923e+01,-
167,0.05154321,6.278607e-01,1.313204e+01,-
168,0.05185185,6.270547e-01,1.329660e+01,-
169,0.05216049,6.263160e-01,1.346244e+01,-
170,0.05246914,6.256480e-01,1.362925e+01,-
171,0.05277778,6.250547e-01,1.379610e+01,-
172,0.05308642,6.245421e-01,1.396229e+01,-
173,0.05339506,6.241126e-01,1.412683e+01,-
174,0.05370370,6.237677e-01,1.428876e+01,-
175,0.05401235,6.235124e-01,1.444834e+01,-
176,0.05432099,6.233518e-01,1.460441e+01,-
177,0.05462963,6.232877e-01,1.475700e+01,-
178,0.05493827,6.233205e-01,1.490623e+01,-
179,0.05524691,6.234536e-01,1.505224e+01,-
180,0.05555556,6.236852e-01,1.519563e+01,-
181,0.05586420,6.240156e-01,1.533702e+01,-
182,0.05617284,6.244439e-01,1.547661e+01,-
183,0.05648148,6.249692e-01,1.561603e+01,-
184,0.05679012,6.255900e-01,1.575581e+01,-
185,0.05709877,6.263039e-01,1.589691e+01,-
186,0.05740741,6.271055e-01,1.604058e+01,-
187,0.05771605,6.279895e-01,1.618710e+01,-
188,0.05802469,6.289450e-01,1.633659e+01,-
189,0.05833333,6.281816e-01,1.649002e+01,-
190,0.05864198,6.267695e-01,1.664741e+01,-
191,0.05895062,6.253958e-01,1.680861e+01,-
192,0.05925926,6.240684e-01,1.697369e+01,-
193,0.05956790,6.227929e-01,1.722640e+01,-
194,0.05987654,6.215684e-01,1.750888e+01,-
195,0.06018519,6.203934e-01,1.778836e+01,-
196,0.06049383,6.192681e-01,1.803896e+01,-
197,0.06080247,6.181956e-01,1.829879e+01,-
198,0.06111111,6.171679e-01,1.848934e+01,-
199,0.06141975,6.161828e-01,1.866664e+01,-
200,0.06172840,6.152425e-01,1.875750e+01,-
201,0.06203704,6.142977e-01,1.884473e+01,-
202,0.06234568,6.133455e-01,1.916869e+01,-
203,0.06265432,6.123829e-01,1.946026e+01,-
204,0.06296296,6.114003e-01,1.974131e+01,-
205,0.06327160,6.103970e-01,2.003447e+01,-
206,0.06358025,6.089491e-01,2.023984e+01,-
207,0.06388889,6.067014e-01,2.032961e+01,-
208,0.06419753,6.044982e-01,2.056961e+01,-
209,0.06450617,6.023405e-01,2.086967e+01,-
210,0.06481481,6.002293e-01,2.116701e+01,-
211,0.06512346,5.981632e-01,2.146165e+01,-
212,0.06543210,5.961394e-01,2.175275e+01,-
213,0.06574074,5.941530e-01,2.204077e+01,-
214,0.06604938,5.922004e-01,2.232434e+01,-
215,0.06635802,5.902809e-01,2.260375e+01,-
216,0.06666667,5.883892e-01,2.287903e+01,-
217,0.06697531,5.865220e-01,2.314973e+01,-
218,0.06728395,5.846772e-01,2.341590e+01,-
219,0.06759259,5.828552e-01,2.367699e+01,-
220,0.06790123,5.810511e-01,2.393381e+01,-
221,0.06820988,5.792680e-01,2.418631e+01,-
222,0.06851852,5.775033e-01,2.450076e+01,-
223,0.06882716,5.757594e-01,2.485985e+01,-
224,0.06913580,5.740349e-01,2.522440e+01,-
225,0.06944444,5.723323e-01,2.559286e+01,-
226,0.06975309,5.706521e-01,2.596595e+01,-
227,0.07006173,5.689948e-01,2.634315e+01,-
228,0.07037037,5.673630e-01,2.672236e+01,-
229,0.07067901,5.657594e-01,2.710521e+01,-
230,0.07098765,5.641866e-01,2.749044e+01,-
231,0.07129630,5.626507e-01,2.787646e+01,-
232,0.07160494,5.611525e-01,2.826282e+01,-
233,0.07191358,5.596994e-01,2.864992e+01,-
234,0.07222222,5.582948e-01,2.903487e+01,-
235,0.07253086,5.569458e-01,2.941931e+01,-
236,0.07283951,5.556571e-01,2.980144e+01,-
237,0.07314815,5.544338e-01,3.200519e+01,-
238,0.07345679,5.532768e-01,3.457759e+01,-
239,0.07376543,5.521863e-01,3.689455e+01,-
240,0.07407407,5.479491e-01,3.906539e+01,-
241,0.07438272,5.414416e-01,4.115764e+01,-
242,0.07469136,5.352268e-01,4.330550e+01,-
243,0.07500000,5.282389e-01,4.582450e+01,-
244,0.07530864,5.200007e-01,4.893239e+01,-
245,0.07561728,5.104268e-01,5.279117e+01,-
246,0.07592593,4.998086e-01,5.747097e+01,-
247,0.07623457,4.887955e-01,6.287868e+01,-
248,0.07654321,4.780275e-01,6.882183e+01,-
249,0.07685185,4.680910e-01,7.495767e+01,-
250,0.07716049,4.594319e-01,8.087297e+01,-
251,0.07746914,4.524938e-01,8.599248e+01,-
252,0.07777778,4.480689e-01,8.946090e+01,-
253,0.07808642,4.471731e-01,9.033986e+01,-
254,0.07839506,4.438499e-01,9.267249e+01,-
255,0.07870370,4.341854e-01,1.015472e+02,-
256,0.07901235,4.243487e-01,1.116698e+02,-
257,0.07932099,4.144623e-01,1.231218e+02,-
258,0.07962963,4.047558e-01,1.358203e+02,-
259,0.07993827,3.955267e-01,1.494817e+02,-
260,0.08024691,3.869467e-01,1.638015e+02,-
261,0.08055556,3.796712e-01,1.775587e+02,-
262,0.08086420,3.741475e-01,1.894033e+02,-
263,0.08117284,3.705672e-01,1.982524e+02,-
264,0.08148148,3.689965e-01,2.032586e+02,-
265,0.08179012,3.690300e-01,2.048146e+02,-
266,0.08209877,3.703623e-01,2.034009e+02,-
267,0.08240741,3.727471e-01,1.995640e+02,-
268,0.08271605,3.755147e-01,1.948147e+02,-
269,0.08302469,3.772550e-01,1.922191e+02,-
270,0.08333333,3.776755e-01,1.923251e+02,-
271,0.08364198,3.775319e-01,1.935788e+02,-
272,0.08395062,3.780289e-01,1.935463e+02,-
273,0.08425926,3.814127e-01,1.880319e+02,-
274,0.08456790,3.846952e-01,1.830638e+02,-
275,0.08487654,3.883841e-01,1.774406e+02,-
276,0.08518519,3.922177e-01,1.716031e+02,-
277,0.08549383,3.949245e-01,1.677833e+02,-
278,0.08580247,3.950059e-01,1.685331e+02,-
279,0.08611111,3.918617e-01,1.750598e+02,-
280,0.08641975,3.866427e-01,1.859508e+02,-
281,0.08672840,3.806906e-01,1.992090e+02,-
282,0.08703704,3.748015e-01,2.134945e+02,-
283,0.08734568,3.692061e-01,2.283157e+02,-
284,0.08765432,3.639261e-01,2.435962e+02,-
285,0.08796296,3.586634e-01,2.601650e+02,-
286,0.08827160,3.533349e-01,2.782183e+02,-
287,0.08858025,3.481825e-01,2.970923e+02,-
288,0.08888889,3.919604e-01,1.852259e+02,-
289,0.08919753,3.924757e-01,1.852263e+02,-
290,0.08950617,3.934169e-01,1.844450e+02,-
291,0.08981481,3.945660e-01,1.832954e+02,-
292,0.09012346,3.957300e-01,1.821466e+02,-
293,0.09043210,3.967893e-01,1.812212e+02,-
294,0.09074074,3.976164e-01,1.807377e+02,-
295,0.09104938,3.981783e-01,1.807402e+02,-
296,0.09135802,3.985102e-01,1.811487e+02,-
297,0.09166667,3.986286e-01,1.819217e+02,-
298,0.09197531,3.985907e-01,1.829595e+02,-
299,0.09228395,3.984168e-01,1.842241e+02,-
300,0.09259259,3.981272e-01,1.856897e+02,-
301,0.09290123,3.978136e-01,1.871776e+02,-
302,0.09320988,3.976877e-01,1.882988e+02,-
303,0.09351852,3.980096e-01,1.885724e+02,-
304,0.09382716,3.988808e-01,1.984916e+02,-
305,0.09413580,4.003280e-01,2.238262e+02,-
306,0.09444444,4.019498e-01,2.533293e+02,-
307,0.09475309,4.032001e-01,2.856583e+02,-
308,0.09506173,4.039630e-01,3.203082e+02,-
309,0.09537037,4.046887e-01,3.563228e+02,-
310,0.09567901,4.058469e-01,3.928028e+02,-
311,0.09598765,4.076473e-01,4.286011e+02,-
312,0.09629630,4.101022e-01,4.616413e+02,-
313,0.09660494,4.031542e-01,4.891691e+02,-
314,0.09691358,3.957174e-01,5.107465e+02,-
315,0.09722222,3.836498e-01,5.279669e+02,-
316,0.09753086,3.726697e-01,5.425864e+02,-
317,0.09783951,3.629484e-01,5.554434e+02,-
318,0.09814815,3.547984e-01,5.663381e+02,-
319,0.09845679,3.492738e-01,5.747371e+02,-
320,0.09876543,3.437017e-01,5.795240e+02,-
321,0.09907407,3.348916e-01,5.797881e+02,-
322,0.09938272,3.261069e-01,5.750953e+02,-
323,0.09969136,3.160852e-01,5.664212e+02,-
324,0.10000000,3.054356e-01,5.552135e+02,-
325,0.10030864,2.957052e-01,5.423184e+02,-
326,0.10061728,2.886397e-01,5.281627e+02,-
327,0.10092593,2.845882e-01,5.130239e+02,-
328,0.10123457,2.832366e-01,4.978608e+02,-
329,0.10154321,2.829593e-01,4.832891e+02,-
330,0.10185185,2.827983e-01,4.697492e+02,-
331,0.10216049,2.822406e-01,4.569220e+02,-
332,0.10246914,2.813331e-01,4.445164e+02,-
333,0.10277778,2.802797e-01,4.322552e+02,-
334,0.10308642,2.793376e-01,4.590358e+02,-
335,0.10339506,2.786119e-01,4.934956e+02,-
336,0.10370370,2.779771e-01,5.243357e+02,-
337,0.10401235,2.773781e-01,5.507018e+02,-
338,0.10432099,2.743898e-01,5.721743e+02,-
339,0.10462963,2.682324e-01,5.890736e+02,-
340,0.10493827,2.628324e-01,6.032433e+02,-
341,0.10524691,2.598008e-01,6.156909e+02,-
342,0.10555556,2.603156e-01,6.268353e+02,-
343,0.10586420,2.630001e-01,6.370673e+02,-
344,0.10617284,2.649346e-01,6.753423e+02,-
345,0.10648148,2.606914e-01,7.269351e+02,-
346,0.10679012,2.570614e-01,7.764728e+02,-
347,0.10709877,2.544360e-01,8.184204e+02,-
348,0.10740741,2.535545e-01,8.424963e+02,-
349,0.10771605,2.553286e-01,8.343881e+02,-
350,0.10802469,2.592428e-01,7.992816e+02,-
351,0.10833333,2.599910e-01,7.817962e+02,-
352,0.10864198,2.563219e-01,8.090430e+02,-
353,0.10895062,2.532795e-01,8.333668e+02,-
354,0.10925926,2.508667e-01,8.534915e+02,-
355,0.10956790,2.490634e-01,8.689986e+02,-
356,0.10987654,2.477828e-01,8.799072e+02,-
357,0.11018519,2.469325e-01,8.863990e+02,-
358,0.11049383,2.464770e-01,8.888269e+02,-
359,0.11080247,2.464332e-01,8.883711e+02,-
360,0.11111111,2.467795e-01,8.866292e+02,-
361,0.11141975,2.474775e-01,8.838544e+02,-
362,0.11172840,2.484754e-01,8.788341e+02,-
363,0.11203704,2.497540e-01,8.708375e+02,-
364,0.11234568,2.513113e-01,8.585034e+02,-
365,0.11265432,2.531437e-01,8.470010e+02,-
366,0.11296296,2.552708e-01,8.378068e+02,-
367,0.11327160,2.576971e-01,8.260797e+02,-
368,0.11358025,2.604043e-01,8.596582e+02,-
369,0.11388889,2.633557e-01,9.315179e+02,-
370,0.11419753,2.640882e-01,1.009990e+03,-
371,0.11450617,2.648502e-01,1.099234e+03,-
372,0.11481481,2.632292e-01,1.195124e+03,-
373,0.11512346,2.612104e-01,1.292824e+03,-
374,0.11543210,2.604471e-01,1.382401e+03,-
375,0.11574074,2.613281e-01,1.456653e+03,-
376,0.11604938,2.634663e-01,1.497859e+03,-
377,0.11635802,2.663322e-01,1.490640e+03,-
378,0.11666667,2.689913e-01,1.434127e+03,-
379,0.11697531,2.689439e-01,1.336069e+03,-
380,0.11728395,2.692012e-01,1.228562e+03,-
381,0.11759259,2.694459e-01,1.208574e+03,-
382,0.11790123,2.656025e-01,1.220208e+03,-
383,0.11820988,2.625070e-01,1.293427e+03,-
384,0.11851852,2.573845e-01,1.442494e+03,-
385,0.11882716,2.510788e-01,1.572361e+03,-
386,0.11913580,2.410672e-01,1.646040e+03,-
387,0.11944444,2.369664e-01,1.633074e+03,-
388,0.11975309,2.358514e-01,1.495823e+03,-
389,0.12006173,2.316442e-01,1.481664e+03,-
390,0.12037037,2.297670e-01,1.557752e+03,-
391,0.12067901,2.280390e-01,1.534598e+03,-
392,0.12098765,2.268359e-01,1.464238e+03,-
393,0.12129630,2.262958e-01,1.407074e+03,-
394,0.12160494,2.263486e-01,1.328981e+03,-
395,0.12191358,2.268283e-01,1.241192e+03,-
396,0.12222222,2.275470e-01,1.170232e+03,-
397,0.12253086,2.286585e-01,1.115611e+03,-
398,0.12283951,2.300534e-01,1.122925e+03,-
399,0.12314815,2.316224e-01,1.172850e+03,-
400,0.12345679,2.329363e-01,1.223098e+03,-
401,0.12376543,2.339600e-01,1.273104e+03,-
402,0.12407407,2.347623e-01,1.321693e+03,-
403,0.12438272,2.351466e-01,1.367832e+03,-
404,0.12469136,2.334647e-01,1.410007e+03,-
405,0.12500000,2.320020e-01,1.445978e+03,-
406,0.12530864,2.307336e-01,1.471738e+03,-
407,0.12561728,2.297737e-01,1.482618e+03,-
408,0.12592593,2.291948e-01,1.473701e+03,-
409,0.12623457,2.251401e-01,1.443079e+03,-
410,0.12654321,2.176850e-01,1.392574e+03,-
411,0.12685185,2.115271e-01,1.331161e+03,-
412,0.12716049,2.065298e-01,1.270572e+03,-
413,0.12746914,2.023543e-01,1.220304e+03,-
414,0.12777778,1.984575e-01,1.184784e+03,-
415,0.12808642,1.932836e-01,1.163518e+03,-
416,0.12839506,1.865388e-01,1.153048e+03,-
417,0.12870370,1.799925e-01,1.149220e+03,-
418,0.12901235,1.747513e-01,1.149060e+03,-
419,0.12932099,1.707796e-01,1.289225e+03,-
420,0.12962963,1.673639e-01,1.573920e+03,-
421,0.12993827,1.651629e-01,1.855579e+03,-
422,0.13024691,1.653939e-01,2.082774e+03,-
423,0.13055556,1.684865e-01,2.227884e+03,-
424,0.13086420,1.739956e-01,2.301616e+03,-
425,0.13117284,1.816054e-01,2.333363e+03,-
426,0.13148148,1.881988e-01,2.343847e+03,-
427,0.13179012,1.894852e-01,2.333078e+03,-
428,0.13209877,1.915613e-01,2.285387e+03,-
429,0.13240741,1.948958e-01,2.181022e+03,-
430,0.13271605,1.996938e-01,2.197669e+03,-
431,0.13302469,2.056859e-01,2.458088e+03,-
432,0.13333333,2.119182e-01,2.740704e+03,-
433,0.13364198,2.151408e-01,3.020143e+03,-
434,0.13395062,2.129975e-01,3.250383e+03,-
435,0.13425926,2.117726e-01,3.370857e+03,-
436,0.13456790,2.115596e-01,3.402606e+03,-
437,0.13487654,2.116994e-01,3.441554e+03,-
438,0.13518519,2.078273e-01,3.493074e+03,-
439,0.13549383,2.004828e-01,3.536698e+03,-
440,0.13580247,1.925137e-01,3.617258e+03,-
441,0.13611111,1.838956e-01,3.738873e+03,-
442,0.13641975,1.750964e-01,3.880489e+03,-
443,0.13672840,1.668393e-01,4.014717e+03,-
444,0.13703704,1.595238e-01,4.806220e+03,-
445,0.13734568,1.530474e-01,4.354536e+03,-
446,0.13765432,1.469707e-01,4.632433e+03,-
447,0.13796296,1.411784e-01,4.869022e+03,-
448,0.13827160,1.357725e-01,5.622209e+03,-
449,0.13858025,1.309125e-01,5.986796e+03,-
450,0.13888889,1.266107e-01,5.840226e+03,-
451,0.13919753,5.233461e-02,1.834380e+04,-
452,0.13950617,5.938156e-02,1.382414e+04,-
453,0.13981481,6.570891e-02,1.117768e+04,-
454,0.14012346,7.143520e-02,9.763299e+03,-
455,0.14043210,7.816102e-02,8.477111e+03,-
456,0.14074074,8.101916e-02,1.023441e+04,-
457,0.14104938,8.460428e-02,1.277967e+04,-
458,0.14135802,8.705570e-02,1.511319e+04,-
459,0.14166667,8.874040e-02,1.569026e+04,-
460,0.14197531,9.129032e-02,1.756736e+04,-
461,0.14228395,9.368465e-02,1.985362e+04,-
462,0.14259259,9.573009e-02,2.011498e+04,-
463,0.14290123,9.540260e-02,1.899712e+04,-
464,0.14320988,9.652925e-02,1.862577e+04,-
465,0.14351852,9.796170e-02,1.876738e+04,-
466,0.14382716,1.018828e-01,1.898344e+04,-
467,0.14413580,9.850405e-02,1.873816e+04,-
468,0.14444444,9.236257e-02,1.736882e+04,-
469,0.14475309,9.262705e-02,1.363529e+04,-
470,0.14506173,9.510965e-02,1.413773e+04,-
471,0.14537037,9.538694e-02,1.406356e+04,-
472,0.14567901,9.526953e-02,1.376182e+04,-
473,0.14598765,9.632705e-02,1.331975e+04,-
474,0.14629630,2.915771e-02,5.087244e+05,-
475,0.14660494,3.822797e-02,3.347934e+05,-
476,0.14691358,4.482608e-02,3.101044e+05,-
477,0.14722222,5.008440e-02,3.044661e+05,-
478,0.14753086,5.324391e-02,3.322586e+05,-
479,0.14783951,5.756957e-02,3.244698e+05,-
480,0.14814815,6.369808e-02,2.733865e+05,-
481,0.14845679,3.785980e-02,2.087125e+05,-
482,0.14876543,4.937878e-02,1.362821e+05,-
483,0.14907407,5.527797e-02,4.043979e+05,-
484,0.14938272,5.405522e-02,7.963631e+05,-
485,0.14969136,6.528127e-02,3.415367e+05,-
486,0.15000000,4.038511e-02,8.300972e+05,-
487,0.15030864,2.752175e-02,3.331489e+07,-
488,0.15061728,3.219433e-02,1.905513e+07,-
489,0.15092593,2.715898e-02,1.411950e+09,-
490,0.15123457,2.716379e-02,7.587110e+08,-
491,0.15154321,2.733500e-02,5.281905e+08,-
492,0.15185185,2.642317e-02,3.991800e+08,-
493,0.15216049,2.645170e-02,3.181057e+08,-
