step,time,category,path,quantity,units,scale,min,q05,mean,median,q95,max,rms
1,0.099444444444444446,frame,state,omega,rad/s,none,628.31853071795865,628.31853071795865,628.31853071795865,628.31853071795865,628.31853071795865,628.31853071795865,628.31853071795865
1,0.099444444444444446,frame,state,omega_r,m/s,none,74.769905155437073,74.769905155437073,74.769905155437073,74.769905155437073,74.769905155437073,74.769905155437073,74.769905155437073
1,0.099444444444444446,frame,state,q_rotor,Pa,none,3424.2049641337462,3424.2049641337462,3424.2049641337462,3424.2049641337462,3424.2049641337462,3424.2049641337462,3424.2049641337462
1,0.099444444444444446,frame,state,q_uinf,Pa,none,0,0,0,0,0,0,0
1,0.099444444444444446,frame,state,ct_force_reference,N,none,39.304648515999993,39.304648515999993,39.304648515999993,39.304648515999993,39.304648515999993,39.304648515999993,39.304648515999993
1,0.099444444444444446,frame,state,uinf_norm,m/s,none,0,0,0,0,0,0,0
1,0.099444444444444446,velocity,state,rotor_relative,m/s,none,0.53158490875032138,4.6332849398136231,36.32617344680358,35.55900540607724,74.002072431610756,74.769408302887086,43.115967762140137
1,0.099444444444444446,velocity,state,kinematic,m/s,none,0.53158490875032138,4.6332849398136231,36.32617344680358,35.55900540607724,74.002072431610756,74.769408302887086,43.115967762140137
1,0.099444444444444446,velocity,state,inertial_estimate,m/s,none,0,0,0,0,0,0,0
1,0.099444444444444446,kinematics,state,angular_velocity_body,rad/s,none,-628.31853071795865,-628.31853071795865,-209.43951023931956,0,0,0,362.75987284684356
1,0.099444444444444446,strength,state,sigma,solver units,none,-36.75832397659169,-14.514776735949788,1.1058589311999636,0.56605800398045525,20.302024656588578,60.865229275644751,11.210612663171325
1,0.099444444444444446,strength,state,gamma,solver units,none,-0.091650371976766315,-0.084814630734145927,0.0013738768015615817,0.0094859233093333942,0.060778015110194011,0.069487182167057474,0.043938219419517352
1,0.099444444444444446,pressure,bernoulli,gauge_pressure,Pa,absolute,-3795.0403385641071,-3377.449514704103,-1117.5303223948079,-736.08694152506689,82.85485534441338,173.03217571318839,1615.6438140589194
1,0.099444444444444446,pressure,bernoulli,gauge_pressure_over_q_rotor,1,q_rotor,-1.1082982409974325,-0.98634560433169882,-0.32636198302969288,-0.21496579475676386,0.024196815381165117,0.050532073145616155,0.47183034630861947
1,0.099444444444444446,force,bernoulli,axial_dimensional,N,none,-3.0810452461480082,-3.0810452461480082,-3.0810452461480082,-3.0810452461480082,-3.0810452461480082,-3.0810452461480082,3.0810452461480082
1,0.099444444444444446,force,bernoulli,ct_axial_global,1,none,-0.078388825812646251,-0.078388825812646251,-0.078388825812646251,-0.078388825812646251,-0.078388825812646251,-0.078388825812646251,0.078388825812646251
1,0.099444444444444446,pressure,laplace_md,gauge_pressure,Pa,absolute,-3174.3160958244962,-3096.3319304685097,-1018.6711228771557,-662.58198146938093,7.5904089484461323,19.007275614124161,1445.1086634678359
1,0.099444444444444446,pressure,laplace_md,gauge_pressure_over_q_rotor,1,q_rotor,-0.92702280648306146,-0.90424842055324173,-0.29749128149367621,-0.19349950964077309,0.0022166923498886846,0.0055508580278378905,0.42202750086644386
1,0.099444444444444446,force,laplace_md,axial_dimensional,N,none,-0.0019679578707407532,-0.0019679578707407532,-0.0019679578707407532,-0.0019679578707407532,-0.0019679578707407532,-0.0019679578707407532,0.0019679578707407532
1,0.099444444444444446,force,laplace_md,ct_axial_global,1,none,-5.0069341542124313e-05,-5.0069341542124313e-05,-5.0069341542124313e-05,-5.0069341542124313e-05,-5.0069341542124313e-05,-5.0069341542124313e-05,5.0069341542124313e-05
1,0.099444444444444446,pressure,laplace_lamb,gauge_pressure,Pa,absolute,-2224.1716417632342,-365.06006426661099,-89.618706460888518,-28.927391915591549,1.6645139253725409,1.7049924624026855,225.37876126216526
1,0.099444444444444446,pressure,laplace_lamb,gauge_pressure_over_q_rotor,1,q_rotor,-0.64954395693597278,-0.10661162754285175,-0.026172120944740297,-0.008447914835293625,0.00048610230485826919,0.00049792359986079683,0.065819296339692523
1,0.099444444444444446,force,laplace_lamb,axial_dimensional,N,none,-0.1198518168458209,-0.1198518168458209,-0.1198518168458209,-0.1198518168458209,-0.1198518168458209,-0.1198518168458209,0.1198518168458209
1,0.099444444444444446,force,laplace_lamb,ct_axial_global,1,none,-0.0030493038704323245,-0.0030493038704323245,-0.0030493038704323245,-0.0030493038704323245,-0.0030493038704323245,-0.0030493038704323245,0.0030493038704323245
2,0.099583333333333329,frame,state,omega,rad/s,none,628.31853071795865,628.31853071795865,628.31853071795865,628.31853071795865,628.31853071795865,628.31853071795865,628.31853071795865
2,0.099583333333333329,frame,state,omega_r,m/s,none,74.769905155437073,74.769905155437073,74.769905155437073,74.769905155437073,74.769905155437073,74.769905155437073,74.769905155437073
2,0.099583333333333329,frame,state,q_rotor,Pa,none,3424.2049641337462,3424.2049641337462,3424.2049641337462,3424.2049641337462,3424.2049641337462,3424.2049641337462,3424.2049641337462
2,0.099583333333333329,frame,state,q_uinf,Pa,none,0,0,0,0,0,0,0
2,0.099583333333333329,frame,state,ct_force_reference,N,none,39.304648515999993,39.304648515999993,39.304648515999993,39.304648515999993,39.304648515999993,39.304648515999993,39.304648515999993
2,0.099583333333333329,frame,state,uinf_norm,m/s,none,0,0,0,0,0,0,0
2,0.099583333333333329,velocity,state,rotor_relative,m/s,none,0.53158490875032138,4.6332849398136231,36.32617344680358,35.559005406077247,74.002072431610756,74.769408302887101,43.115967762140137
2,0.099583333333333329,velocity,state,kinematic,m/s,none,0.53158490875032138,4.6332849398136231,36.32617344680358,35.559005406077247,74.002072431610756,74.769408302887101,43.115967762140137
2,0.099583333333333329,velocity,state,inertial_estimate,m/s,none,0,0,0,0,0,0,0
2,0.099583333333333329,kinematics,state,angular_velocity_body,rad/s,none,-628.31853071795865,-628.31853071795865,-209.43951023931956,0,0,0,362.75987284684356
2,0.099583333333333329,strength,state,sigma,solver units,none,-36.754280853747474,-14.521683239164425,1.1059554984400484,0.56679713608669724,20.302268338065065,60.863674229469389,11.211412858648666
2,0.099583333333333329,strength,state,gamma,solver units,none,-0.091765994660022832,-0.084836633024669206,0.0013741589183747316,0.0094870869956047276,0.060787857338866852,0.069554225100014785,0.043948794668180288
2,0.099583333333333329,pressure,bernoulli,gauge_pressure,Pa,absolute,-3424.3775274171958,-3354.3139214633416,-1138.6249032997057,-775.48736288524003,-12.852039716179329,0.065284994735699375,1585.9190536640288
2,0.099583333333333329,pressure,bernoulli,gauge_pressure_over_q_rotor,1,q_rotor,-1.0000503951385087,-0.97958911823256301,-0.33252241475788952,-0.22647223837590064,-0.0037532915963839307,1.9065738009119191e-05,0.46314956910449834
2,0.099583333333333329,force,bernoulli,axial_dimensional,N,none,-0.00035812859107183653,-0.00035812859107183653,-0.00035812859107183653,-0.00035812859107183653,-0.00035812859107183653,-0.00035812859107183653,0.00035812859107183653
2,0.099583333333333329,force,bernoulli,ct_axial_global,1,none,-9.1116090486358345e-06,-9.1116090486358345e-06,-9.1116090486358345e-06,-9.1116090486358345e-06,-9.1116090486358345e-06,-9.1116090486358345e-06,9.1116090486358345e-06
2,0.099583333333333329,pressure,laplace_md,gauge_pressure,Pa,absolute,-3174.3160958244134,-3096.3319304684342,-1018.6711228771169,-662.58198146935661,7.5904089484785704,19.007275614157123,1445.1086634678061
2,0.099583333333333329,pressure,laplace_md,gauge_pressure_over_q_rotor,1,q_rotor,-0.92702280648303725,-0.90424842055321963,-0.29749128149366488,-0.19349950964076598,0.0022166923498981575,0.0055508580278475165,0.42202750086643515
2,0.099583333333333329,force,laplace_md,axial_dimensional,N,none,-0.0019679578707407913,-0.0019679578707407913,-0.0019679578707407913,-0.0019679578707407913,-0.0019679578707407913,-0.0019679578707407913,0.0019679578707407913
2,0.099583333333333329,force,laplace_md,ct_axial_global,1,none,-5.0069341542125282e-05,-5.0069341542125282e-05,-5.0069341542125282e-05,-5.0069341542125282e-05,-5.0069341542125282e-05,-5.0069341542125282e-05,5.0069341542125282e-05
2,0.099583333333333329,pressure,laplace_lamb,gauge_pressure,Pa,absolute,-2224.1716417632861,-365.06006426667778,-89.618706460891019,-28.927391915576461,1.6645139253706163,1.7049924624048016,225.37876126216824
2,0.099583333333333329,pressure,laplace_lamb,gauge_pressure_over_q_rotor,1,q_rotor,-0.64954395693598788,-0.10661162754287126,-0.026172120944741029,-0.0084479148352892188,0.00048610230485770709,0.00049792359986141482,0.065819296339693398
2,0.099583333333333329,force,laplace_lamb,axial_dimensional,N,none,-0.11985181684582784,-0.11985181684582784,-0.11985181684582784,-0.11985181684582784,-0.11985181684582784,-0.11985181684582784,0.11985181684582784
2,0.099583333333333329,force,laplace_lamb,ct_axial_global,1,none,-0.003049303870432501,-0.003049303870432501,-0.003049303870432501,-0.003049303870432501,-0.003049303870432501,-0.003049303870432501,0.003049303870432501
3,0.099722222222222226,frame,state,omega,rad/s,none,628.31853071795865,628.31853071795865,628.31853071795865,628.31853071795865,628.31853071795865,628.31853071795865,628.31853071795865
3,0.099722222222222226,frame,state,omega_r,m/s,none,74.769905155437073,74.769905155437073,74.769905155437073,74.769905155437073,74.769905155437073,74.769905155437073,74.769905155437073
3,0.099722222222222226,frame,state,q_rotor,Pa,none,3424.2049641337462,3424.2049641337462,3424.2049641337462,3424.2049641337462,3424.2049641337462,3424.2049641337462,3424.2049641337462
3,0.099722222222222226,frame,state,q_uinf,Pa,none,0,0,0,0,0,0,0
3,0.099722222222222226,frame,state,ct_force_reference,N,none,39.304648515999993,39.304648515999993,39.304648515999993,39.304648515999993,39.304648515999993,39.304648515999993,39.304648515999993
3,0.099722222222222226,frame,state,uinf_norm,m/s,none,0,0,0,0,0,0,0
3,0.099722222222222226,velocity,state,rotor_relative,m/s,none,0.53158490875032138,4.633284939813624,36.32617344680358,35.559005406077247,74.00207243161077,74.769408302887101,43.115967762140137
3,0.099722222222222226,velocity,state,kinematic,m/s,none,0.53158490875032138,4.633284939813624,36.32617344680358,35.559005406077247,74.00207243161077,74.769408302887101,43.115967762140137
3,0.099722222222222226,velocity,state,inertial_estimate,m/s,none,0,0,0,0,0,0,0
3,0.099722222222222226,kinematics,state,angular_velocity_body,rad/s,none,-628.31853071795865,-628.31853071795865,-209.43951023931956,0,0,0,362.75987284684356
3,0.099722222222222226,strength,state,sigma,solver units,none,-36.756546602957599,-14.52671964068513,1.1060237208933694,0.56773649107350677,20.302382603556271,60.861276925780416,11.213432050196676
3,0.099722222222222226,strength,state,gamma,solver units,none,-0.09187635738000173,-0.084867644631602179,0.0013742603930703978,0.0095144411276297716,0.060870784365137605,0.069614062061189433,0.043964463339565239
3,0.099722222222222226,pressure,bernoulli,gauge_pressure,Pa,absolute,-3424.2142263917658,-3354.2796866689096,-1138.6254878281686,-775.39415317106773,-12.992190088155255,0.080920726628748108,1585.9007335662629
3,0.099722222222222226,pressure,bernoulli,gauge_pressure_over_q_rotor,1,q_rotor,-1.0000027049368003,-0.97957912035136419,-0.33252258546275942,-0.22644501754211627,-0.003794220913829559,2.3631975152287473e-05,0.46314421892892249
3,0.099722222222222226,force,bernoulli,axial_dimensional,N,none,-0.00043540071954648735,-0.00043540071954648735,-0.00043540071954648735,-0.00043540071954648735,-0.00043540071954648735,-0.00043540071954648735,0.00043540071954648735
3,0.099722222222222226,force,bernoulli,ct_axial_global,1,none,-1.1077588427466691e-05,-1.1077588427466691e-05,-1.1077588427466691e-05,-1.1077588427466691e-05,-1.1077588427466691e-05,-1.1077588427466691e-05,1.1077588427466691e-05
3,0.099722222222222226,pressure,laplace_md,gauge_pressure,Pa,absolute,-3174.316095824573,-3096.331930468582,-1018.6711228772128,-662.58198146943494,7.5904089484045203,19.007275614083255,1445.1086634678861
3,0.099722222222222226,pressure,laplace_md,gauge_pressure_over_q_rotor,1,q_rotor,-0.92702280648308388,-0.90424842055326282,-0.29749128149369286,-0.19349950964078888,0.002216692349876532,0.0055508580278259443,0.42202750086645852
3,0.099722222222222226,force,laplace_md,axial_dimensional,N,none,-0.0019679578707416934,-0.0019679578707416934,-0.0019679578707416934,-0.0019679578707416934,-0.0019679578707416934,-0.0019679578707416934,0.0019679578707416934
3,0.099722222222222226,force,laplace_md,ct_axial_global,1,none,-5.0069341542148233e-05,-5.0069341542148233e-05,-5.0069341542148233e-05,-5.0069341542148233e-05,-5.0069341542148233e-05,-5.0069341542148233e-05,5.0069341542148233e-05
3,0.099722222222222226,pressure,laplace_lamb,gauge_pressure,Pa,absolute,-2224.1716417634339,-365.06006426669791,-89.618706460911326,-28.927391915592249,1.6645139253564676,1.7049924623911457,225.37876126217787
3,0.099722222222222226,pressure,laplace_lamb,gauge_pressure_over_q_rotor,1,q_rotor,-0.64954395693603106,-0.10661162754287713,-0.026172120944746958,-0.0084479148352938297,0.00048610230485357514,0.00049792359985742669,0.065819296339696215
3,0.099722222222222226,force,laplace_lamb,axial_dimensional,N,none,-0.11985181684581356,-0.11985181684581356,-0.11985181684581356,-0.11985181684581356,-0.11985181684581356,-0.11985181684581356,0.11985181684581356
3,0.099722222222222226,force,laplace_lamb,ct_axial_global,1,none,-0.0030493038704321376,-0.0030493038704321376,-0.0030493038704321376,-0.0030493038704321376,-0.0030493038704321376,-0.0030493038704321376,0.0030493038704321376
4,0.099861111111111109,frame,state,omega,rad/s,none,628.31853071795865,628.31853071795865,628.31853071795865,628.31853071795865,628.31853071795865,628.31853071795865,628.31853071795865
4,0.099861111111111109,frame,state,omega_r,m/s,none,74.769905155437073,74.769905155437073,74.769905155437073,74.769905155437073,74.769905155437073,74.769905155437073,74.769905155437073
4,0.099861111111111109,frame,state,q_rotor,Pa,none,3424.2049641337462,3424.2049641337462,3424.2049641337462,3424.2049641337462,3424.2049641337462,3424.2049641337462,3424.2049641337462
4,0.099861111111111109,frame,state,q_uinf,Pa,none,0,0,0,0,0,0,0
4,0.099861111111111109,frame,state,ct_force_reference,N,none,39.304648515999993,39.304648515999993,39.304648515999993,39.304648515999993,39.304648515999993,39.304648515999993,39.304648515999993
4,0.099861111111111109,frame,state,uinf_norm,m/s,none,0,0,0,0,0,0,0
4,0.099861111111111109,velocity,state,rotor_relative,m/s,none,0.53158490875032138,4.633284939813624,36.32617344680358,35.559005406077247,74.002072431610756,74.769408302887101,43.115967762140137
4,0.099861111111111109,velocity,state,kinematic,m/s,none,0.53158490875032138,4.633284939813624,36.32617344680358,35.559005406077247,74.002072431610756,74.769408302887101,43.115967762140137
4,0.099861111111111109,velocity,state,inertial_estimate,m/s,none,0,0,0,0,0,0,0
4,0.099861111111111109,kinematics,state,angular_velocity_body,rad/s,none,-628.31853071795865,-628.31853071795865,-209.43951023931956,0,0,0,362.75987284684356
4,0.099861111111111109,strength,state,sigma,solver units,none,-36.743027716884157,-14.537677196137572,1.106320599077818,0.56957107253495387,20.302319441280844,60.871866740061996,11.216038865696461
4,0.099861111111111109,strength,state,gamma,solver units,none,-0.092015041076274909,-0.084918560406259821,0.0013782134176843945,0.0095472525197797045,0.060883715269685772,0.06963727350251675,0.04397948736560886
4,0.099861111111111109,pressure,bernoulli,gauge_pressure,Pa,absolute,-3424.1523522183456,-3354.2028109620851,-1138.5913768222415,-775.40871566994099,-12.89210615501201,0.088133381678561551,1585.8810402640374
4,0.099861111111111109,pressure,bernoulli,gauge_pressure_over_q_rotor,1,q_rotor,-0.99998463529024939,-0.97955666967810429,-0.33251262373258134,-0.22644927035379833,-0.0037649925428086778,2.5738348785104778e-05,0.46313846772464828
4,0.099861111111111109,force,bernoulli,axial_dimensional,N,none,-0.00030455003379843693,-0.00030455003379843693,-0.00030455003379843693,-0.00030455003379843693,-0.00030455003379843693,-0.00030455003379843693,0.00030455003379843693
4,0.099861111111111109,force,bernoulli,ct_axial_global,1,none,-7.7484482191581435e-06,-7.7484482191581435e-06,-7.7484482191581435e-06,-7.7484482191581435e-06,-7.7484482191581435e-06,-7.7484482191581435e-06,7.7484482191581435e-06
4,0.099861111111111109,pressure,laplace_md,gauge_pressure,Pa,absolute,-3174.3160958245498,-3096.3319304685656,-1018.6711228772007,-662.58198146942448,7.5904089484109392,19.007275614088694,1445.1086634678734
4,0.099861111111111109,pressure,laplace_md,gauge_pressure_over_q_rotor,1,q_rotor,-0.92702280648307711,-0.90424842055325805,-0.29749128149368931,-0.19349950964078583,0.0022166923498784068,0.0055508580278275325,0.4220275008664548
4,0.099861111111111109,force,laplace_md,axial_dimensional,N,none,-0.0019679578707404687,-0.0019679578707404687,-0.0019679578707404687,-0.0019679578707404687,-0.0019679578707404687,-0.0019679578707404687,0.0019679578707404687
4,0.099861111111111109,force,laplace_md,ct_axial_global,1,none,-5.0069341542117076e-05,-5.0069341542117076e-05,-5.0069341542117076e-05,-5.0069341542117076e-05,-5.0069341542117076e-05,-5.0069341542117076e-05,5.0069341542117076e-05
4,0.099861111111111109,pressure,laplace_lamb,gauge_pressure,Pa,absolute,-2224.1716417634698,-365.0600642667581,-89.618706460953035,-28.927391915619371,1.6645139253190855,1.7049924623591832,225.37876126219601
4,0.099861111111111109,pressure,laplace_lamb,gauge_pressure_over_q_rotor,1,q_rotor,-0.64954395693604161,-0.10661162754289472,-0.026172120944759139,-0.0084479148353017505,0.00048610230484265809,0.00049792359984809247,0.065819296339701502
4,0.099861111111111109,force,laplace_lamb,axial_dimensional,N,none,-0.11985181684581664,-0.11985181684581664,-0.11985181684581664,-0.11985181684581664,-0.11985181684581664,-0.11985181684581664,0.11985181684581664
4,0.099861111111111109,force,laplace_lamb,ct_axial_global,1,none,-0.0030493038704322161,-0.0030493038704322161,-0.0030493038704322161,-0.0030493038704322161,-0.0030493038704322161,-0.0030493038704322161,0.0030493038704322161
1,0.099444444444444446,force,bernoulli,ct_axial_monitor,1,none,-0.078388825812646251,-0.078388825812646251,-0.078388825812646251,-0.078388825812646251,-0.078388825812646251,-0.078388825812646251,0.078388825812646251
2,0.099583333333333329,force,bernoulli,ct_axial_monitor,1,none,-9.1116090486358345e-06,-9.1116090486358345e-06,-9.1116090486358345e-06,-9.1116090486358345e-06,-9.1116090486358345e-06,-9.1116090486358345e-06,9.1116090486358345e-06
3,0.099722222222222226,force,bernoulli,ct_axial_monitor,1,none,-1.1077588427466691e-05,-1.1077588427466691e-05,-1.1077588427466691e-05,-1.1077588427466691e-05,-1.1077588427466691e-05,-1.1077588427466691e-05,1.1077588427466691e-05
4,0.099861111111111109,force,bernoulli,ct_axial_monitor,1,none,-7.7484482191581435e-06,-7.7484482191581435e-06,-7.7484482191581435e-06,-7.7484482191581435e-06,-7.7484482191581435e-06,-7.7484482191581435e-06,7.7484482191581435e-06
1,0.099444444444444446,force,laplace_md,ct_axial_monitor,1,none,-5.0069341542124313e-05,-5.0069341542124313e-05,-5.0069341542124313e-05,-5.0069341542124313e-05,-5.0069341542124313e-05,-5.0069341542124313e-05,5.0069341542124313e-05
2,0.099583333333333329,force,laplace_md,ct_axial_monitor,1,none,-5.0069341542125282e-05,-5.0069341542125282e-05,-5.0069341542125282e-05,-5.0069341542125282e-05,-5.0069341542125282e-05,-5.0069341542125282e-05,5.0069341542125282e-05
3,0.099722222222222226,force,laplace_md,ct_axial_monitor,1,none,-5.0069341542148233e-05,-5.0069341542148233e-05,-5.0069341542148233e-05,-5.0069341542148233e-05,-5.0069341542148233e-05,-5.0069341542148233e-05,5.0069341542148233e-05
4,0.099861111111111109,force,laplace_md,ct_axial_monitor,1,none,-5.0069341542117076e-05,-5.0069341542117076e-05,-5.0069341542117076e-05,-5.0069341542117076e-05,-5.0069341542117076e-05,-5.0069341542117076e-05,5.0069341542117076e-05
1,0.099444444444444446,force,laplace_lamb,ct_axial_monitor,1,none,-0.0030493038704323245,-0.0030493038704323245,-0.0030493038704323245,-0.0030493038704323245,-0.0030493038704323245,-0.0030493038704323245,0.0030493038704323245
2,0.099583333333333329,force,laplace_lamb,ct_axial_monitor,1,none,-0.003049303870432501,-0.003049303870432501,-0.003049303870432501,-0.003049303870432501,-0.003049303870432501,-0.003049303870432501,0.003049303870432501
3,0.099722222222222226,force,laplace_lamb,ct_axial_monitor,1,none,-0.0030493038704321376,-0.0030493038704321376,-0.0030493038704321376,-0.0030493038704321376,-0.0030493038704321376,-0.0030493038704321376,0.0030493038704321376
4,0.099861111111111109,force,laplace_lamb,ct_axial_monitor,1,none,-0.0030493038704322161,-0.0030493038704322161,-0.0030493038704322161,-0.0030493038704322161,-0.0030493038704322161,-0.0030493038704322161,0.0030493038704322161
1,0.099444444444444446,force,kutta_joukowski,ct_axial_monitor,1,none,-0.030641239189087892,-0.030641239189087892,-0.030641239189087892,-0.030641239189087892,-0.030641239189087892,-0.030641239189087892,0.030641239189087892
2,0.099583333333333329,force,kutta_joukowski,ct_axial_monitor,1,none,-0.030550653770454718,-0.030550653770454718,-0.030550653770454718,-0.030550653770454718,-0.030550653770454718,-0.030550653770454718,0.030550653770454718
3,0.099722222222222226,force,kutta_joukowski,ct_axial_monitor,1,none,-0.030862078907875578,-0.030862078907875578,-0.030862078907875578,-0.030862078907875578,-0.030862078907875578,-0.030862078907875578,0.030862078907875578
4,0.099861111111111109,force,kutta_joukowski,ct_axial_monitor,1,none,-0.031452965591212391,-0.031452965591212391,-0.031452965591212391,-0.031452965591212391,-0.031452965591212391,-0.031452965591212391,0.031452965591212391
